AA-10315,Alex,Avila,"780 Holmes Keys, Flemington, SC 53281",+234-00874524651,Alex.Avila@example.com,1999-01-08,S,M
AA-10375,Allen,Armold,"480 Avila Mount Apt. 566, Lake Stephenville, TN 90319",+234-00702617322,Allen.Armold@example.com,1973-02-12,M,M
AA-10480,Andrew,Allen,"48793 Ryan Passage Apt. 970, North Beth, AL 05378",+234-00252197971,Andrew.Allen@example.com,1995-02-03,M,F
AA-10645,Anna,Andreadi,"53363 Martinez Radial, Kimberlychester, OR 06825",+234-00553449550,Anna.Andreadi@example.com,1977-08-02,M,M
AA-315,Alex,Avila,"23283 Hogan Courts Suite 082, East George, MI 74586",+234-00250191472,Alex.Avila@example.com,1998-11-08,M,M
AA-375,Daniel,Johnson,"23287 Hogan Courts Suite 082, East George, MI 74586",+234-00219602225,Daniel.Johnson@example.com,1973-03-23,S,F
AA-480,Andrew,Allen,"20190 John Squares Apt. 274, South Natalie, NE 63942",+234-00753221592,Andrew.Allen@example.com,1975-12-13,S,F
AA-645,Shannon,Carlson,"23285 Hogan Courts Suite 082, East George, MI 74586",+234-00302674667,Shannon.Carlson@example.com,1993-06-05,S,M
AB-10015,Aaron,Bergman,"259 Marissa Ridge Suite 648, Hartburgh, MI 27219",+234-00661920716,Aaron.Bergman@example.com,1997-03-02,M,M
AB-10060,Adam,Bellavance,"74522 Miller Land, South Mark, MH 61653",+234-00361314705,Adam.Bellavance@example.com,1997-06-06,NULL,F
AB-10105,Adrian,Barton,"2475 Hall Parkway, New Ashleyport, OR 54466",+234-00257444273,Adrian.Barton@example.com,1991-02-11,S,F
AB-10150,Aimee,Bixby,"048 Brian Ridges Apt. 138, West Kimshire, TN 01413",+234-00619262291,Aimee.Bixby@example.com,1992-03-03,S,M
AB-10165,Alan,Barnes,"54893 Emily Trace Apt. 383, Port Jennifer, NV 85530",+234-00557960642,Alan.Barnes@example.com,1974-10-08,M,M
AB-10255,Alejandro,Ballentine,"8656 Larsen Canyon, Harrismouth, TX 95929",+234-00224195817,Alejandro.Ballentine@example.com,1974-10-04,S,F
AB-105,Adrian,Barton,"30771 Thompson Vista, New Rachelhaven, ME 63301",+234-00433756456,Adrian.Barton@example.com,1971-08-06,S,F
AB-10600,Ann,Blume,"925 Hicks Wells, Oscarshire, HI 04357",+234-00132929305,Ann.Blume@example.com,1997-09-09,M,F
AB-15,Aaron,Bergman,"425 Thompson Hill, Barkershire, NE 60630",+234-00745919107,Aaron.Bergman@example.com,1974-12-06,S,F
AB-150,Aimee,Bixby,"5469 Tami Key Suite 982, Sheenamouth, MP 41119",+234-00861794679,Aimee.Bixby@example.com,1992-01-03,M,F
AB-165,Alan,Barnes,"1343 Boyd Square Apt. 193, Jasonbury, WV 17185",+234-00745919107,Alan.Barnes@example.com,1979-11-06,S,F
AB-255,Alejandro,Ballentine,"1073 Wheeler Prairie Suite 520, Angelamouth, CO 40172",+234-00220498261,Alejandro.Ballentine@example.com,1979-05-03,NULL,M
AB-60,Adam,Bellavance,"305 Andrew Forest, Lake Danny, KS 25296",+234-00622152080,Adam.Bellavance@example.com,1994-05-02,S,F
AB-600,Ann,Blume,"12842 Jeremy Way Suite 596, South Jasonland, RI 32106",+234-00789516295,Ann.Blume@example.com,1978-10-04,S,F
AC-10420,Alyssa,Crouse,"7517 Jason Corners Apt. 843, Robertsonview, TX 41830",+234-00853405705,Alyssa.Crouse@example.com,1991-08-03,S,M
AC-10450,Amy,Cox,"Unit 5640 Box 7577, DPO AP 87888",+234-00576819513,Amy.Cox@example.com,1978-08-09,M,M
AC-10615,Ann,Chong,"862 Jessica Neck, Duncanberg, GU 36918",+234-00510371476,Ann.Chong@example.com,1990-04-12,M,F
AC-10660,Anna,Chung,"26414 Edgar Throughway Apt. 071, North Melissamouth, WI 15373",+234-00411881246,Anna.Chung@example.com,1970-09-04,S,M
AC-420,James,Brown,"150 Cox Trail Suite 188, Josephland, VA 78177",+234-00219602225,James.Brown@example.com,1973-04-20,M,M
AC-450,Mallory,Rubio,"382 Michael Center Suite 129, Port Adamborough, ID 95950",+234-00219602225,Mallory.Rubio@example.com,1971-06-18,S,M
AC-615,Ann,Chong,"4564 Laura Plains, Loweside, NJ 90836",+234-00264581441,Ann.Chong@example.com,1997-07-14,S,M
AC-660,Anna,Chung,"5694 Raymond Plains Suite 508, North Codybury, CT 11341",+234-00433756456,Anna.Chung@example.com,1976-10-22,M,M
AD-10180,Alan,Dominguez,"6642 Gary Mount, Davischester, WY 13266",+234-00940057930,Alan.Dominguez@example.com,1971-06-10,S,F
AD-180,Ernest,Wu,"Unit 5122 Box 1673, DPO AE 17937",+234-00149836096,Ernest.Wu@example.com,1998-05-10,S,F
AF-10870,Art,Ferguson,"6325 Patrick Station, Evansmouth, AZ 24410",+234-00968381767,Art.Ferguson@example.com,1979-09-01,M,F
AF-10885,Art,Foster,"9655 Teresa Cape Suite 384, Patriciastad, SD 90350",+234-00501215873,Art.Foster@example.com,1978-01-03,M,M
AF-870,Art,Ferguson,"141 Hogan Trail, Kathrynport, ND 63712",+234-00224195817,Art.Ferguson@example.com,1991-08-23,M,M
AF-885,Eduardo,Martin,"1177 Lane Harbor, Lake Sarahbury, NY 37259",+234-00270217070,Eduardo.Martin@example.com,1992-06-16,M,F
AG-10270,Alejandro,Grove,"15037 Aguilar Wall, West James, KS 37793",+234-00123366084,Alejandro.Grove@example.com,1975-06-03,S,F
AG-10300,Aleksandra,Gannaway,"209 Annette Parks Apt. 928, Wardshire, ID 97231",+234-00403399605,Aleksandra.Gannaway@example.com,1980-08-08,S,F
AG-10330,Alex,Grayson,"3626 Myers Views, Lake Antonioville, KY 40339",+234-00562119327,Alex.Grayson@example.com,1988-01-02,M,M
AG-10390,Allen,Goldenen,"245 William Village Apt. 000, West Kathy, WI 84929",+234-00560695136,Allen.Goldenen@example.com,1992-08-06,M,F
AG-10495,Andrew,Gjertsen,"1046 Jimenez Knolls, Rubioville, CT 40908",+234-00798483096,Andrew.Gjertsen@example.com,1979-10-03,M,F
AG-10525,Andy,Gerbode,"7498 Jeffrey Mission, Tracymouth, MD 16174",+234-00394841492,Andy.Gerbode@example.com,1979-11-08,S,F
AG-10675,Anna,Gayman,"0468 Gregory Curve Apt. 206, North Cindy, MH 07250",+234-00751093671,Anna.Gayman@example.com,1974-10-02,M,F
AG-10765,Anthony,Garverick,"111 Collins Cliffs, Jenningsmouth, MA 81611",+234-00887698221,Anthony.Garverick@example.com,1973-11-02,M,M
AG-10900,Arthur,Gainer,"3740 Nichole Parkways, Cassandraville, UT 55909",+234-00760626187,Arthur.Gainer@example.com,1977-05-12,M,M
AG-270,Alejandro,Grove,"14685 Steve Turnpike, Lake Jeffery, MI 96977",+234-00111824202,Alejandro.Grove@example.com,1973-05-07,S,M
AG-300,Leslie,Moreno,"PSC 5170, Box 4915, APO AE 91738",+234-00570260442,Leslie.Moreno@example.com,1993-08-20,M,M
AG-330,Seth,Edwards,"54935 Sanders Garden Apt. 606, Lake Darrenhaven, SC 21038",+234-00978932461,Seth.Edwards@example.com,1990-01-18,S,M
AG-390,Stephanie,Collins,"7596 Goodwin Walks Apt. 753, Rickymouth, NH 99447",+234-00320944023,Stephanie.Collins@example.com,1992-07-03,M,F
AG-495,Jason,Griffin,"PSC 5170, Box 4915, APO AE 91742",+234-00603875651,Jason.Griffin@example.com,1973-07-02,M,M
AG-525,Andy,Gerbode,"56297 Morgan Fork, Nancyside, GU 51188",+234-00881952817,Andy.Gerbode@example.com,1991-10-03,S,M
AG-675,Anna,Gayman,"5888 John Mountain Apt. 946, Scottville, AK 41644",+234-00992427865,Anna.Gayman@example.com,1978-04-07,M,M
AG-765,Anthony,Garverick,"145 Cox Trail Suite 188, Josephland, VA 78177",+234-00637142888,Anthony.Garverick@example.com,1978-09-25,M,M
AG-900,Arthur,Gainer,"144 Hogan Trail, Kathrynport, ND 63712",+234-00276124447,Arthur.Gainer@example.com,1995-11-16,S,M
AH-10030,Aaron,Hawkins,"PSC 2621, Box 0224, APO AE 75736",+234-00731046989,Aaron.Hawkins@example.com,NULL,M,F
AH-10075,Adam,Hart,"547 Barber Roads Apt. 886, Paigeton, KS 31141",+234-00352335211,Adam.Hart@example.com,1975-11-01,M,M
AH-10120,Adrian,Hane,"88174 Rowland Mountains Apt. 810, West Leah, AR 49963",+234-00129238381,Adrian.Hane@example.com,1991-10-11,S,F
AH-10195,Alan,Haines,"146 Kenneth Vista Suite 350, West Ryan, NC 42210",+234-00155914469,Alan.Haines@example.com,1981-10-08,S,F
AH-10210,Alan,Hwang,"22052 Sherry Corners, West Tammy, SC 89591",+234-00498525216,Alan.Hwang@example.com,1970-11-06,S,F
AH-10465,Amy,Hunt,"88221 Pratt Bridge Apt. 389, Hugheschester, NE 78153",+234-00718053988,Amy.Hunt@example.com,1978-11-02,M,F
AH-10585,Angele,Hood,"356 Jones Knolls Apt. 044, North Jerry, ND 80800",+234-00958206197,Angele.Hood@example.com,1990-06-01,M,F
AH-10690,Anna,Häberlin,"5589 Torres Expressway Suite 141, Allisontown, LA 72703",+234-00912896442,Anna.Häberlin@example.com,1974-04-08,S,M
AH-120,Adrian,Hane,"30775 Thompson Vista, New Rachelhaven, ME 63301",+234-00319494202,Adrian.Hane@example.com,1973-03-08,M,F
AH-195,Alan,Haines,"146 Cox Trail Suite 188, Josephland, VA 78177",+234-00250191472,Alan.Haines@example.com,1995-04-14,S,M
AH-210,Alan,Hwang,"96396 Young Valleys Apt. 811, Craigchester, NE 42038",+234-00628336580,Alan.Hwang@example.com,NULL,M,M
AH-30,Aaron,Hawkins,"567 Elizabeth Neck, North Kelly, MN 40927",+234-00811127318,Aaron.Hawkins@example.com,1996-09-11,M,F
AH-465,Wyatt,Hill,"20196 John Squares Apt. 274, South Natalie, NE 63942",+234-00871865370,Wyatt.Hill@example.com,1992-06-17,S,F
AH-585,Angele,Hood,"11594 Ortiz Squares, Hoffmanside, MO 39990",+234-00788910676,Angele.Hood@example.com,1979-08-08,S,F
AH-690,Jon,Yang,"424 Thompson Hill, Barkershire, NE 60630",+234-00901786528,Jon.Yang@example.com,1994-07-06,M,M
AH-75,Adam,Hart,"30769 Thompson Vista, New Rachelhaven, ME 63301",+234-00901786528,Adam.Hart@example.com,1979-05-19,M,F
AI-10855,Arianne,Irving,"4068 Harris Creek Apt. 454, South Phillipberg, FM 73687",+234-00324935993,Arianne.Irving@example.com,1971-03-03,M,M
AI-855,Maria,Reed,"6366 Curtis Radial Apt. 095, Perkinsborough, MS 65330",+234-00250191472,Maria.Reed@example.com,1978-03-20,S,M
AJ-10780,Anthony,Jacobs,"784 Thomas Motorway, North Williamland, AK 13189",+234-00112136200,Anthony.Jacobs@example.com,1998-02-10,M,F
AJ-10795,Anthony,Johnson,"3086 Amy Point, Stewartview, MP 89790",+234-00601688817,Anthony.Johnson@example.com,1981-02-11,S,M
AJ-10945,Ashley,Jarboe,"Unit 5198 Box 4385, DPO AP 23119",+234-00962087874,Ashley.Jarboe@example.com,1971-02-07,S,F
AJ-10960,Astrea,Jones,"6362 Curtis Radial Apt. 095, Perkinsborough, MS 65330",+234-00319494202,Astrea.Jones@example.com,1994-11-01,M,M
AJ-780,Anthony,Jacobs,"94308 Robert Light Apt. 356, West Jennifermouth, ND 68271",+234-00224195817,Anthony.Jacobs@example.com,1988-10-02,S,F
AJ-795,Anthony,Johnson,"Unit 5122 Box 1673, DPO AE 17936",+234-00783132095,Anthony.Johnson@example.com,1977-04-09,M,M
AJ-945,Ashley,Jarboe,"PSC 3482, Box 1752, APO AA 05101",+234-00142240168,Ashley.Jarboe@example.com,1977-11-19,S,F
AJ-960,Astrea,Jones,"2759 Chandler Roads Apt. 601, Christineberg, SD 65303",+234-00532048768,Astrea.Jones@example.com,1974-08-05,M,F
AM-10360,Alice,Mccarthy,"USCGC Key, FPO AE 10687",+234-00337891087,Alice.Mccarthy@example.com,1998-07-12,NULL,F
AM-10705,Anne,Mcfarland,"558 Simon Walks Apt. 909, Gabrielleshire, AR 76659",+234-00725544796,Anne.Mcfarland@example.com,1973-04-12,NULL,F
AM-360,Alice,Mccarthy,"07587 Goodwin Walks Apt. 753, Rickymouth, NH 99447",+234-00137313993,Alice.Mccarthy@example.com,1976-07-09,S,M
AM-705,Ruben,Torres,"4566 Laura Plains, Loweside, NJ 90836",+234-00678139616,Ruben.Torres@example.com,1994-11-13,M,M
AO-10810,Anthony,O'Donnell,"5842 Tina Fields Apt. 882, Austinport, CT 29275",+234-00645496269,Anthony.O'Donnell@example.com,1997-02-10,S,F
AO-810,Jimmy,Moreno,"143 Hogan Trail, Kathrynport, ND 63712",+234-00745919107,Jimmy.Moreno@example.com,1998-11-18,M,M
AP-10720,Anne,Pryor,"689 Sara Plains Suite 948, East Nathanport, WV 44827",+234-00287201216,Anne.Pryor@example.com,1970-01-05,M,F
AP-10915,Arthur,Prichep,"73074 Williams Forge, North Robert, AK 18498",+234-00458948883,Arthur.Prichep@example.com,1998-12-11,M,M
AP-720,Jasmine,Lee,"386 Michael Center Suite 129, Port Adamborough, ID 95950",+234-00433756456,Jasmine.Lee@example.com,1976-10-25,M,M
AP-915,Arthur,Prichep,"94308 Robert Light Apt. 356, West Jennifermouth, ND 68273",+234-00391097172,Arthur.Prichep@example.com,1978-03-14,S,M
AR-10345,Alex,Russell,"09713 Johnson Drive, North Johnny, WV 00989",+234-00972938513,Alex.Russell@example.com,1992-10-10,M,M
AR-10405,Allen,Rosenblatt,"USCGC Sullivan, FPO AA 37639",+234-00642046612,Allen.Rosenblatt@example.com,1972-01-02,M,F
AR-10510,Andrew,Roberts,"0394 Heidi Heights, Toddton, SC 49704",+234-00839823367,Andrew.Roberts@example.com,1974-08-05,S,M
AR-10540,Andy,Reiter,"488 Wagner Row, South Emmaborough, GA 78241",+234-00814775772,Andy.Reiter@example.com,1975-12-08,NULL,F
AR-10570,Anemone,Ratner,"83157 Torres Unions, Elizabethstad, KS 24609",+234-00270261251,Anemone.Ratner@example.com,1977-04-03,S,M
AR-10825,Anthony,Rawles,"3505 Joshua Roads, North Ariel, NJ 15832",+234-00131537738,Anthony.Rawles@example.com,1978-02-06,S,F
AR-345,Alex,Russell,"23283 Hogan Courts Suite 082, East George, MI 74586",+234-00603875651,Alex.Russell@example.com,1999-09-16,M,M
AR-405,Emily,Wood,"4565 Laura Plains, Loweside, NJ 90836",+234-00570260442,Emily.Wood@example.com,1977-04-07,S,F
AR-510,Andrew,Roberts,"1170 Lane Harbor, Lake Sarahbury, NY 37259",+234-00990238153,Andrew.Roberts@example.com,1991-07-28,M,F
AR-540,Megan,Barnes,"30778 Thompson Vista, New Rachelhaven, ME 63301",+234-00637142888,Megan.Barnes@example.com,1979-06-24,M,M
AR-570,Anemone,Ratner,"700 Hurley Square Apt. 781, Newtonburgh, UT 40672",+234-00238813905,Anemone.Ratner@example.com,1993-06-02,M,M
AR-825,Anthony,Rawles,"947 Phillip Terrace, West Shannon, NE 02756",+234-00493478723,Anthony.Rawles@example.com,1977-03-01,S,F
AS-10045,Aaron,Smayling,"83954 Jones Island Suite 908, East Michaelland, LA 49963",+234-00772985959,Aaron.Smayling@example.com,1972-08-03,M,M
AS-10090,Adam,Shillingsburg,"PSC 7141, Box 0614, APO AE 25450",+234-00594143022,Adam.Shillingsburg@example.com,1974-09-07,S,F
AS-10135,Adrian,Shami,"210 Gray Brooks, Wellsside, MH 37963",+234-00138802156,Adrian.Shami@example.com,1971-03-19,S,F
AS-10225,Alan,Schoenberger,"6487 Ware Station Suite 307, Nathanielmouth, VA 13540",+234-00196708690,Alan.Schoenberger@example.com,1978-08-02,M,M
AS-10240,Alan,Shonely,"057 Michael Estate Suite 383, West Waynefurt, CT 70123",+234-00667481429,Alan.Shonely@example.com,1980-10-06,S,F
AS-10285,Alejandro,Savely,"39456 Kristin Unions, Thompsonburgh, NJ 26704",+234-00585549010,Alejandro.Savely@example.com,1975-08-08,S,F
AS-10630,Ann,Steele,"36097 Alexander Road Suite 109, South Barbaramouth, ID 63653",+234-00745611637,Ann.Steele@example.com,1978-07-02,S,M
AS-135,Adrian,Shami,"1369 Jessica Alley, Lake Christian, MD 42343",+234-00204573017,Adrian.Shami@example.com,1979-03-08,M,M
AS-225,Arturo,Lal,"20200 John Squares Apt. 274, South Natalie, NE 63942",+234-00901786528,Arturo.Lal@example.com,1978-08-20,S,M
AS-240,Alan,Shonely,"9541 Stone Street, North Katieshire, KS 50676",+234-00550634884,Alan.Shonely@example.com,1976-05-07,S,M
AS-285,Alejandro,Savely,"9296 Terrell Underpass Suite 105, Lake Vincent, SD 98859",+234-00434295538,Alejandro.Savely@example.com,1975-02-06,M,F
AS-45,Orlando,Suarez,"43 Allison Burgs, Lukeshire, IA 99448",+234-00371918403,Orlando.Suarez@example.com,1994-09-23,M,M
AS-630,Ann,Steele,"7227 Bernard Branch, Aguilarchester, IL 25146",+234-00174600317,Ann.Steele@example.com,1974-09-06,S,F
AS-90,Jonathan,Phillips,"9397 Owens Squares Suite 721, Port Charles, DE 01391",+234-00319494202,Jonathan.Phillips@example.com,1977-03-25,S,F
AT-10435,Alyssa,Tate,"8064 Ryan Harbors Suite 474, New Jorgehaven, IN 65006",+234-00107127432,Alyssa.Tate@example.com,1998-10-03,S,F
AT-10735,Annie,Thurman,"620 Ronald Oval Apt. 118, Edwardsstad, ME 58954",+234-00462248479,Annie.Thurman@example.com,1981-02-10,M,M
AT-435,Melissa,Richardson,"20193 John Squares Apt. 274, South Natalie, NE 63942",+234-00423994031,Melissa.Richardson@example.com,1995-10-19,S,F
AT-735,Jennifer,Simmons,"20199 John Squares Apt. 274, South Natalie, NE 63942",+234-00990238153,Jennifer.Simmons@example.com,1992-05-03,M,M
AW-10840,Anthony,Witt,"305 Harris Ferry, Port Terriborough, NM 21251",+234-00797761607,Anthony.Witt@example.com,1975-09-01,S,F
AW-10930,Arthur,Wiediger,"481 Lauren Islands, Millermouth, LA 31336",+234-00374739739,Arthur.Wiediger@example.com,1981-11-10,S,F
AW-840,Anthony,Witt,"7590 Goodwin Walks Apt. 753, Rickymouth, NH 99447",+234-00563081378,Anthony.Witt@example.com,1971-10-23,M,F
AW-930,Bryce,Richardson,"9392 Owens Squares Suite 721, Port Charles, DE 01391",+234-00745919107,Bryce.Richardson@example.com,1975-03-25,S,M
AY-10555,Andy,Yotov,"503 Khan Inlet Suite 474, Connorport, PA 54922",+234-00855363330,Andy.Yotov@example.com,1999-09-07,S,F
AY-555,Ian,Jenkins,"436 Barron Junctions, Thomasview, NE 00625",+234-00603875651,Ian.Jenkins@example.com,1993-09-24,M,M
AZ-10750,Annie,Zypern,"785 Cameron Mountain Apt. 038, East Stephaniemouth, AL 49688",+234-00406424814,Annie.Zypern@example.com,1996-10-03,S,M
AZ-750,Alan,Zheng,"144 Hogan Trail, Kathrynport, ND 63712",+234-00953546221,Alan.Zheng@example.com,1973-08-07,M,M
BB-10990,Barry,Blumstein,"9393 Owens Squares Suite 721, Port Charles, DE 01391",+234-00847378354,Barry.Blumstein@example.com,1982-11-04,M,M
BB-11545,Brenda,Bowman,"279 Ronald Lakes, Markport, AL 58174",+234-00467106685,Brenda.Bowman@example.com,1975-09-12,M,M
BB-1545,Jasmine,Torres,"30775 Thompson Vista, New Rachelhaven, ME 63301",+234-00270217070,Jasmine.Torres@example.com,1975-01-12,S,F
BB-990,Barry,Blumstein,"1176 Lane Harbor, Lake Sarahbury, NY 37259",+234-00570260442,Barry.Blumstein@example.com,1970-05-12,S,M
BC-11125,Becky,Castell,"042 Alice Plain Apt. 326, East Michelle, SC 76673",+234-00619626219,Becky.Castell@example.com,1974-02-01,NULL,F
BC-1125,Julia,Coleman,"6362 Curtis Radial Apt. 095, Perkinsborough, MS 65330",+234-00570260442,Julia.Coleman@example.com,1999-11-09,M,M
BD-11320,Bill,Donatelli,"959 Barbara Parkways Suite 732, East Bradley, MD 60309",+234-00355298388,Bill.Donatelli@example.com,1990-10-15,S,F
BD-11500,Bradley,Drucker,"82397 King Lights Apt. 022, Port Robert, WV 70739",+234-00426397063,Bradley.Drucker@example.com,NULL,M,F
BD-11560,Brendan,Dodson,"29957 Jose Coves Suite 827, South Neilport, MN 14223",+234-00613749844,Brendan.Dodson@example.com,1994-07-01,S,F
BD-11605,Brian,Dahlen,"Unit 4532 Box 6013, DPO AP 70340",NULL,Brian.Dahlen@example.com,1994-03-03,S,M
BD-11620,Brian,Decherney,"42 Allison Burgs, Lukeshire, IA 99448",+234-00250191472,Brian.Decherney@example.com,1974-03-25,S,F
BD-11635,Brian,Derr,"327 Johnson Well, Courtneyhaven, PR 52694",+234-00155339226,Brian.Derr@example.com,1995-02-02,M,M
BD-11725,Bruce,Degenhardt,"477 Miguel Brooks Suite 476, West Amy, PR 14053",+234-00382323635,Bruce.Degenhardt@example.com,1993-06-05,M,M
BD-11770,Bryan,Davis,"USNS Johnson, FPO AA 23323",+234-00147468919,Bryan.Davis@example.com,1978-02-02,M,F
BD-1320,Bill,Donatelli,"Unit 5122 Box 1673, DPO AE 17937",+234-00264581441,Bill.Donatelli@example.com,1999-12-10,M,M
BD-1500,Erin,Sanders,"433 Barron Junctions, Thomasview, NE 00625",+234-00270217070,Erin.Sanders@example.com,1979-02-20,S,M
BD-1560,Brendan,Dodson,"9392 Owens Squares Suite 721, Port Charles, DE 01391",+234-00391097172,Brendan.Dodson@example.com,1994-12-01,M,M
BD-1605,Marc,Martin,"1175 Lane Harbor, Lake Sarahbury, NY 37259",+234-00783132095,Marc.Martin@example.com,1974-06-04,M,F
BD-1620,Christy,Zhu,"386 Michael Center Suite 129, Port Adamborough, ID 95950",+234-00953546221,Christy.Zhu@example.com,1994-04-25,M,F
BD-1635,Brian,Derr,"USS Lyons, FPO AP 06716",+234-00332499155,Brian.Derr@example.com,1978-06-09,M,M
BD-1725,Bruce,Degenhardt,"334 Gomez Oval, Rodriguezton, AS 63072",+234-00701737782,Bruce.Degenhardt@example.com,1993-12-01,S,M
BD-1770,Bryan,Davis,"94308 Robert Light Apt. 356, West Jennifermouth, ND 68273",+234-00433756456,Bryan.Davis@example.com,1994-09-03,M,M
BE-11335,Bill,Eplett,"70292 Marks Mount, Mariatown, VA 19442",+234-00443959862,Bill.Eplett@example.com,1972-01-04,S,M
BE-11410,Bobby,Elias,"23397 Wilson Pike, Osborneburgh, KS 23863",+234-00539002852,Bobby.Elias@example.com,1977-06-11,S,M
BE-11455,Brad,Eason,"0779 Flores River Apt. 442, Tinaside, IL 71721",+234-00514523998,Brad.Eason@example.com,1977-07-12,M,M
BE-1335,Julio,Ruiz,"6365 Curtis Radial Apt. 095, Perkinsborough, MS 65330",+234-00742024324,Julio.Ruiz@example.com,1994-07-11,S,F
BE-1410,Bobby,Elias,"139 Hogan Trail, Kathrynport, ND 63712",+234-00563081378,Bobby.Elias@example.com,1994-04-02,M,M
BE-1455,Brad,Eason,"9389 Owens Squares Suite 721, Port Charles, DE 01391",+234-00138806509,Brad.Eason@example.com,1995-03-19,S,F
BF-1005,Barry,Franz,"382 Michael Center Suite 129, Port Adamborough, ID 95950",+234-00138802156,Barry.Franz@example.com,1971-02-19,M,F
BF-1020,Barry,Französisch,"385 Michael Center Suite 129, Port Adamborough, ID 95950",+234-00391097172,Barry.Französisch@example.com,1990-03-20,S,F
BF-1080,Bart,Folk,"62251 Montoya Mall Suite 264, Thomasmouth, WV 89656",+234-00688716124,Bart.Folk@example.com,1990-05-02,S,F
BF-10975,Barbara,Fisher,"727 Thomas Wells, Matthewside, DC 46218",+234-00517289006,Barbara.Fisher@example.com,1977-02-01,M,F
BF-11005,Barry,Franz,"587 Ingram Turnpike Suite 759, North Veronicafort, PR 91722",+234-00142509967,Barry.Franz@example.com,1998-07-01,M,F
BF-11020,Barry,Französisch,"849 Thomas Street Suite 268, Laurenstad, OH 62673",+234-00968969063,Barry.Französisch@example.com,1999-03-03,M,F
BF-11080,Bart,Folk,"2743 Dunn Cove, Ashleyville, MA 18964",+234-00353095202,Bart.Folk@example.com,1971-10-06,M,F
BF-11170,Ben,Ferrer,"524 Edward Branch, Samanthaport, FM 83074",+234-00501130491,Ben.Ferrer@example.com,1977-12-10,S,M
BF-11215,Benjamin,Farhat,"38224 Bryant Field Apt. 486, West Jason, IL 02268",+234-00864692226,Benjamin.Farhat@example.com,1980-10-11,M,M
BF-11275,Beth,Fritzler,"10899 Bryant Land Apt. 375, Laurafort, PA 32363",+234-00528471042,Beth.Fritzler@example.com,1995-11-01,S,M
BF-1170,Curtis,Yang,"20192 John Squares Apt. 274, South Natalie, NE 63942",+234-00578940920,Curtis.Yang@example.com,1976-11-02,S,F
BF-1215,Byron,Vazquez,"6362 Curtis Radial Apt. 095, Perkinsborough, MS 65330",+234-00270217070,Byron.Vazquez@example.com,1994-02-08,M,F
BF-1275,Latoya,Goel,"7595 Goodwin Walks Apt. 753, Rickymouth, NH 99447",+234-00953546221,Latoya.Goel@example.com,1998-03-27,M,M
BF-975,Barbara,Fisher,"94308 Robert Light Apt. 356, West Jennifermouth, ND 68276",+234-00264581441,Barbara.Fisher@example.com,1995-12-26,M,F
BG-1035,Gabriel,Wang,"45 Allison Burgs, Lukeshire, IA 99448",+234-00978932461,Gabriel.Wang@example.com,1976-08-21,M,M
BG-11035,Barry,Gonzalez,"26395 Joseph Inlet, Whitebury, NM 08160",+234-00434463664,Barry.Gonzalez@example.com,1976-11-03,M,M
BG-11695,Brooke,Gillingham,"805 Sharon Run Apt. 933, Christopherbury, KS 82968",+234-00434230342,Brooke.Gillingham@example.com,1972-02-01,S,M
BG-11740,Bruce,Geld,"45375 Beck Fall Suite 203, Port Bethanyshire, RI 08349",+234-00293621774,Bruce.Geld@example.com,1971-04-12,M,M
BG-1695,Nancy,Chapman,"23289 Hogan Courts Suite 082, East George, MI 74586",+234-00224195817,Nancy.Chapman@example.com,1978-09-08,S,M
BG-1740,Gina,Martin,"7596 Goodwin Walks Apt. 753, Rickymouth, NH 99447",+234-00238813905,Gina.Martin@example.com,1973-04-20,S,M
BH-11710,Brosina,Hoffman,"1726 Gregory Spring, Lopezton, ID 11543",+234-00807019793,Brosina.Hoffman@example.com,1975-04-10,M,M
BH-1710,Brosina,Hoffman,"388 Michael Center Suite 129, Port Adamborough, ID 95950",+234-00149836096,Brosina.Hoffman@example.com,1971-03-05,S,M
BK-11260,Berenike,Kampe,"863 Theresa Ferry, North Robert, CA 29017",+234-00809134193,Berenike.Kampe@example.com,1978-11-09,M,M
BK-1260,Hunter,Rodriguez,"Unit 5122 Box 1673, DPO AE 17936",+234-00320944023,Hunter.Rodriguez@example.com,1979-06-06,S,M
BM-11140,Becky,Martin,"805 Dodson Manors, Harveyhaven, MS 79755",+234-00758136279,Becky.Martin@example.com,1979-05-03,M,F
BM-1140,Becky,Martin,"266 Elizabeth Alley, South Veronica, SC 96647",+234-00683658227,Becky.Martin@example.com,1972-03-06,M,F
BM-11575,Brendan,Murry,"2916 Monica Fall, West Veronicafort, MN 92822",+234-00405571950,Brendan.Murry@example.com,1979-12-10,M,F
BM-11650,Brian,Moss,"389 Joseph Mission Suite 519, Johnchester, PR 47681",+234-00122088505,Brian.Moss@example.com,1974-07-12,S,F
BM-11785,Bryan,Mills,"USCGC Bowman, FPO AP 47472",+234-00217344959,Bryan.Mills@example.com,1975-06-01,M,M
BM-1575,Brendan,Murry,"54932 Sanders Garden Apt. 606, Lake Darrenhaven, SC 21038",+234-00603875651,Brendan.Murry@example.com,1997-08-13,S,F
BM-1650,Brian,Moss,"1588 Kimberly Mill Suite 629, Reedfort, PR 49125",+234-00137259480,Brian.Moss@example.com,1975-06-03,M,F
BM-1785,Bryan,Mills,"7594 Goodwin Walks Apt. 753, Rickymouth, NH 99447",+234-00433756456,Bryan.Mills@example.com,1973-12-20,S,M
BN-11470,Brad,Norvell,"81493 Nicholas Centers, Lake Micheleborough, DE 49195",+234-00780217975,Brad.Norvell@example.com,NULL,M,F
BN-11515,Bradley,Nguyen,"992 Hughes Station, Ruizchester, MS 02551",+234-00554138001,Bradley.Nguyen@example.com,1973-07-02,M,F
BN-1470,Brad,Norvell,"233 Anthony Prairie Apt. 635, Matthewborough, WI 72102",+234-00665661161,Brad.Norvell@example.com,1991-03-06,M,M
BN-1515,Bradley,Nguyen,"20192 John Squares Apt. 274, South Natalie, NE 63942",+234-00556385322,Bradley.Nguyen@example.com,1991-06-06,M,F
BO-11350,Bill,Overfelt,"133 Roberson Trail, New Sarah, NH 88369",+234-00637142888,Bill.Overfelt@example.com,1997-12-18,S,F
BO-11425,Bobby,Odegard,"06871 James Landing Suite 250, Port Lisaport, SD 73373",+234-00645730240,Bobby.Odegard@example.com,1972-09-07,M,M
BO-1350,Nicholas,Thompson,"6368 Curtis Radial Apt. 095, Perkinsborough, MS 65330",+234-00871865370,Nicholas.Thompson@example.com,1989-08-12,M,M
BO-1425,Bobby,Odegard,"2020 Gwendolyn Gateway Apt. 550, North Tony, MS 56370",+234-00250543674,Bobby.Odegard@example.com,1981-05-06,M,M
BP-1050,Barry,Pond,"Unit 5122 Box 1673, DPO AE 17940",+234-00423994031,Barry.Pond@example.com,1984-09-22,M,M
BP-1095,Bart,Pistole,"138 Hogan Trail, Kathrynport, ND 63712",+234-00871865370,Bart.Pistole@example.com,1997-08-11,M,F
BP-11050,Barry,Pond,"94308 Robert Light Apt. 356, West Jennifermouth, ND 68271",+234-00901786528,Barry.Pond@example.com,1977-11-11,S,F
BP-11095,Bart,Pistole,"31678 Trevor Ford, Smithstad, SC 21675",+234-00633391176,Bart.Pistole@example.com,1991-10-22,S,F
BP-11155,Becky,Pak,"259 Travis Motorway, Port Penny, AK 18603",+234-00693756348,Becky.Pak@example.com,1994-08-12,S,M
BP-11185,Ben,Peterman,"45008 Warren Plaza, South Chrisburgh, MO 44757",+234-00959442556,Ben.Peterman@example.com,1999-02-12,M,M
BP-11230,Benjamin,Patterson,"401 Baker Square Suite 596, Willisbury, RI 66304",+234-00689043168,Benjamin.Patterson@example.com,1981-08-08,M,F
BP-11290,Beth,Paige,"1409 Montoya Street, Jonathanborough, NC 27595",+234-00797436548,Beth.Paige@example.com,1999-07-02,S,M
BP-1155,Cassie,Chande,"23281 Hogan Courts Suite 082, East George, MI 74586",+234-00847353681,Cassie.Chande@example.com,1970-02-05,S,M
BP-1185,Andrés,Anand,"54930 Sanders Garden Apt. 606, Lake Darrenhaven, SC 21038",+234-00678139616,Andrés.Anand@example.com,1971-11-12,S,M
BP-1230,Benjamin,Patterson,"55849 Reynolds Trail Apt. 352, East Bruce, AS 70475",+234-00373852742,Benjamin.Patterson@example.com,1972-11-07,M,F
BP-1290,Taylor,Howard,"PSC 5170, Box 4915, APO AE 91745",+234-00822658424,Taylor.Howard@example.com,1980-05-16,S,M
BS-11365,Bill,Shonely,"224 Christopher Tunnel, Phillipsshire, VI 68586",+234-00272450301,Bill.Shonely@example.com,1995-03-05,M,F
BS-11380,Bill,Stewart,"457 Debra Fort, West Dawn, HI 70676",+234-00904895024,Bill.Stewart@example.com,1974-02-02,S,M
BS-11590,Brendan,Sweed,"6338 Maynard Key Apt. 831, Port Todd, MD 94368",+234-00936253213,Brendan.Sweed@example.com,1972-08-10,NULL,F
BS-11665,Brian,Stugart,"00750 Sharon Spur, West Anthonyberg, MP 49994",+234-00355302545,Brian.Stugart@example.com,1978-06-03,S,M
BS-11755,Bruce,Stewart,"904 Esparza Ridges Suite 539, Lake Brittany, DE 79404",+234-00474690377,Bruce.Stewart@example.com,NULL,S,F
BS-11800,Bryan,Spruell,"04836 Teresa Club Apt. 981, West Michael, FM 17207",+234-00152051630,Bryan.Spruell@example.com,1999-04-05,M,M
BS-1365,Latasha,Navarro,"6361 Curtis Radial Apt. 095, Perkinsborough, MS 65330",+234-00149836096,Latasha.Navarro@example.com,1970-09-19,S,M
BS-1380,Olivia,Brown,"20197 John Squares Apt. 274, South Natalie, NE 63942",+234-00822658424,Olivia.Brown@example.com,1976-12-03,S,M
BS-1590,Brendan,Sweed,"4561 Laura Plains, Loweside, NJ 90836",+234-00391097172,Brendan.Sweed@example.com,1988-08-06,M,F
BS-1665,Brian,Stugart,"3156 Wilcox Ridges Suite 284, Smithview, AS 95538",+234-00852307608,Brian.Stugart@example.com,1978-09-04,M,F
BS-1755,Catherine,Morris,"23285 Hogan Courts Suite 082, East George, MI 74586",+234-00214466749,Catherine.Morris@example.com,1974-03-15,S,M
BS-1800,Bryan,Spruell,"02051 Benjamin Flats Apt. 837, New Kyleshire, CA 78958",+234-00791780272,Bryan.Spruell@example.com,1973-09-05,M,M
BT-11305,Beth,Thompson,"385 Daniel Flats Apt. 886, Allisonberg, PA 27040",+234-00419224378,Beth.Thompson@example.com,1992-02-10,M,M
BT-11395,Bill,Tyler,"40884 Sheila Causeway, South Brianmouth, PR 30502",+234-00899674238,Bill.Tyler@example.com,1994-02-01,S,M
BT-11440,Bobby,Trafton,"418 Thompson Hill, Barkershire, NE 60630",+234-00250191472,Bobby.Trafton@example.com,1975-07-06,S,F
BT-11485,Brad,Thomas,"3932 Joseph Knoll Apt. 335, East Kristina, KS 82498",+234-00470278238,Brad.Thomas@example.com,1979-08-07,M,M
BT-11530,Bradley,Talbott,"384 Antonio Crossroad, East Meganton, IA 03189",+234-00650863002,Bradley.Talbott@example.com,NULL,S,F
BT-11680,Brian,Thompson,"9588 Boone Mews Apt. 552, Riverashire, DE 45785",+234-00924127745,Brian.Thompson@example.com,NULL,S,M
BT-1305,Beth,Thompson,"1170 Lane Harbor, Lake Sarahbury, NY 37259",+234-00820315493,Beth.Thompson@example.com,1993-04-16,S,M
BT-1395,Julia,Nelson,"138 Hogan Trail, Kathrynport, ND 63712",+234-00302674667,Julia.Nelson@example.com,1970-08-27,S,M
BT-1440,Bobby,Trafton,"704 Hurley Square Apt. 781, Newtonburgh, UT 40672",+234-00556385322,Bobby.Trafton@example.com,1975-11-13,M,M
BT-1485,Amy,Ye,"Unit 5122 Box 1673, DPO AE 17942",+234-00371918403,Amy.Ye@example.com,1979-08-20,S,F
BT-1530,Bradley,Talbott,"2971 Nelson Oval Apt. 533, Richardport, NV 51984",+234-00731180211,Bradley.Talbott@example.com,1974-02-03,S,F
BT-1680,Luke,Lal,"60480 Howard Drives Apt. 204, Rodneyside, GU 16767",+234-00138806509,Luke.Lal@example.com,1991-01-15,M,M
BV-11245,Benjamin,Venier,"5520 Walker Plain, Jenniferstad, MN 54287",+234-00209205880,Benjamin.Venier@example.com,1990-02-01,S,F
BV-1245,Natalie,Adams,"7594 Goodwin Walks Apt. 753, Rickymouth, NH 99447",+234-00745919107,Natalie.Adams@example.com,1976-09-07,S,F
BW-1065,Barry,Weirich,"1041 Willis Square Apt. 039, Matthewton, IA 66449",+234-00402495307,Barry.Weirich@example.com,1992-08-04,S,F
BW-11065,Barry,Weirich,"8331 Jasmine Roads Suite 365, East Hannah, VT 77021",+234-00770820749,Barry.Weirich@example.com,1993-02-03,M,F
BW-1110,Bart,Watters,"54929 Sanders Garden Apt. 606, Lake Darrenhaven, SC 21038",+234-00753221592,Bart.Watters@example.com,1987-07-23,M,M
BW-11110,Bart,Watters,"48470 Lauren Path Apt. 862, Jonathonhaven, WV 33369",+234-00306752036,Bart.Watters@example.com,1974-08-09,S,F
BW-11200,Ben,Wallace,"00525 Jake Trail Suite 433, Hughesside, VI 75787",+234-00210498718,Ben.Wallace@example.com,1978-09-02,M,M
BW-1200,Ben,Wallace,"23284 Hogan Courts Suite 082, East George, MI 74586",+234-00137313993,Ben.Wallace@example.com,1994-03-24,M,M
CA-11965,Carol,Adams,"2530 Harper Lakes, Deborahstad, NJ 89468",+234-00267365058,Carol.Adams@example.com,1970-08-10,M,M
CA-12055,Cathy,Armstrong,"600 Robert Common Apt. 623, South Hannahton, GU 10917",+234-00744117054,Cathy.Armstrong@example.com,1974-03-11,S,F
CA-12265,Christina,Anderson,"34730 Joseph Fort, Haneyberg, IL 87499",+234-00860026599,Christina.Anderson@example.com,1978-07-09,S,M
CA-12310,Christine,Abelman,"48715 Brandy Run, Lake Gregorybury, GU 12889",+234-00637530587,Christine.Abelman@example.com,1971-01-04,M,M
CA-12775,Cynthia,Arntzen,"5716 Joshua Via Apt. 739, Wallschester, CT 15688",+234-00317670019,Cynthia.Arntzen@example.com,1996-09-03,M,M
CA-1965,Carol,Adams,"PSC 5170, Box 4915, APO AE 91737",+234-00264581441,Carol.Adams@example.com,1975-06-07,M,M
CA-2055,Cathy,Armstrong,"30770 Thompson Vista, New Rachelhaven, ME 63301",+234-00583604056,Cathy.Armstrong@example.com,1994-02-25,M,M
CA-2265,Christina,Anderson,"75293 Chavez Trace, West Katrinamouth, ND 58131",+234-00350927103,Christina.Anderson@example.com,1996-02-12,S,F
CA-2310,Kristi,Perez,"9393 Owens Squares Suite 721, Port Charles, DE 01391",+234-00953546221,Kristi.Perez@example.com,1973-09-22,M,F
CA-2775,Cynthia,Arntzen,"Unit 5122 Box 1673, DPO AE 17933",+234-00745919107,Cynthia.Arntzen@example.com,1997-02-26,M,M
CB-12025,Cassandra,Brandow,"089 Kevin Coves Apt. 155, North Jenniferside, CT 96812",+234-00307468676,Cassandra.Brandow@example.com,1992-06-10,M,F
CB-12415,Christy,Brittain,"7632 Dean Garden, East Jill, SD 80932",+234-00620484756,Christy.Brittain@example.com,1972-12-03,S,F
CB-12535,Claudia,Bergmann,"Unit 5122 Box 1673, DPO AE 17934",+234-00953546221,Claudia.Bergmann@example.com,1979-10-19,S,M
CB-2025,Cassandra,Brandow,"11108 Joseph Wells Apt. 230, Port Timothy, AL 59988",+234-00745647248,Cassandra.Brandow@example.com,1974-08-12,M,F
CB-2415,Destiny,Wilson,"1347 Boyd Square Apt. 193, Jasonbury, WV 17185",+234-00570260442,Destiny.Wilson@example.com,1991-03-18,M,F
CB-2535,Stephanie,Torres,"4566 Laura Plains, Loweside, NJ 90836",+234-00319494202,Stephanie.Torres@example.com,1973-05-12,S,M
CC-12100,Chad,Cunningham,"16467 Avery Village, Sototon, MA 63271",+234-00300868314,Chad.Cunningham@example.com,1973-05-01,NULL,M
CC-12145,Charles,Crestani,"10998 John Mills, Simsside, NJ 63047",+234-00289632232,Charles.Crestani@example.com,1970-09-01,S,M
CC-12220,Chris,Cortes,"682 Roth Turnpike, New Jamesshire, VI 35414",+234-00818581059,Chris.Cortes@example.com,1995-08-12,S,F
CC-12370,Christopher,Conant,"41333 Leonard Club Apt. 538, North Patrickfurt, WI 26889",+234-00758928951,Christopher.Conant@example.com,1993-09-03,M,F
CC-12430,Chuck,Clark,"Unit 9934 Box 6632, DPO AA 98577",+234-00648788237,Chuck.Clark@example.com,1972-09-02,S,M
CC-12475,Cindy,Chapman,"9806 Myers Trail, Raymondhaven, AK 17033",+234-00532314778,Cindy.Chapman@example.com,1977-09-09,M,M
CC-12550,Clay,Cheatham,"43834 Sanchez Street, Patriciamouth, DE 91613",+234-00812845700,Clay.Cheatham@example.com,1976-07-05,M,M
CC-12610,Corey,Catlett,"96741 Martin Field Suite 714, East Erik, GU 51827",+234-00300146511,Corey.Catlett@example.com,1978-08-01,S,M
CC-12670,Craig,Carreira,"91552 Collins Hill, South Kristin, NJ 69980",+234-00894672537,Craig.Carreira@example.com,1980-10-02,M,M
CC-12685,Craig,Carroll,"301 Patrick Crescent Apt. 074, Sandersburgh, GU 53458",+234-00752699825,Craig.Carroll@example.com,NULL,S,F
CC-2100,Nicholas,Robinson,"20195 John Squares Apt. 274, South Natalie, NE 63942",+234-00137313993,Nicholas.Robinson@example.com,1974-04-16,S,F
CC-2145,Ian,Gray,"436 Barron Junctions, Thomasview, NE 00625",+234-00742024324,Ian.Gray@example.com,1978-08-04,S,F
CC-2220,Chris,Cortes,"708 Stacy Ridges, Youngport, TN 96155",+234-00884071564,Chris.Cortes@example.com,1997-05-04,M,F
CC-2370,Christopher,Conant,"38016 Coffey Locks, Lake Gregory, VI 92090",+234-00628089453,Christopher.Conant@example.com,1972-10-11,M,F
CC-2430,Jacquelyn,Suarez,"Unit 5122 Box 1673, DPO AE 17939",+234-00847353681,Jacquelyn.Suarez@example.com,1993-09-20,M,F
CC-2475,Cindy,Chapman,"672 Carolyn Flat Apt. 992, Martinezchester, WV 70468",+234-00735298213,Cindy.Chapman@example.com,1999-10-09,M,F
CC-2550,Clay,Cheatham,"2179 James Union Apt. 226, North Williamton, IN 27204",+234-00306059429,Clay.Cheatham@example.com,NULL,M,M
CC-2610,Corey,Catlett,"Unit 5122 Box 1673, DPO AE 17938",+234-00753221592,Corey.Catlett@example.com,1994-05-17,M,F
CC-2670,Craig,Carreira,"445 William Isle Suite 855, Moralesshire, ND 91165",+234-00726649287,Craig.Carreira@example.com,1973-09-09,M,F
CC-2685,Craig,Carroll,"48432 Long Alley, Waltonmouth, UT 24949",+234-00911140170,Craig.Carroll@example.com,1977-04-11,M,M
CD-11920,Carlos,Daly,"313 Christian Path, West Gabriellamouth, OR 64066",+234-00322238615,Carlos.Daly@example.com,1996-02-06,S,F
CD-11980,Carol,Darley,"PSC 5170, Box 4915, APO AE 91736",+234-00783132095,Carol.Darley@example.com,1979-09-14,M,F
CD-12280,Christina,Demoss,"931 Scott Street Apt. 675, West Bradleyburgh, DC 24755",+234-00611267901,Christina.Demoss@example.com,1977-03-03,NULL,F
CD-12790,Cynthia,Delaney,"PSC 3379, Box 0982, APO AA 23802",+234-00702957794,Cynthia.Delaney@example.com,1995-04-08,M,M
CD-1920,Carlos,Daly,"451 Sean Fords, East Michellefurt, NM 81696",+234-00248877160,Carlos.Daly@example.com,1972-07-08,S,M
CD-1980,Carol,Darley,"4603 David Run Apt. 513, Millerside, AR 51570",+234-00914699618,Carol.Darley@example.com,1980-09-01,M,M
CD-2280,Christina,Demoss,"94308 Robert Light Apt. 356, West Jennifermouth, ND 68272",+234-00249943349,Christina.Demoss@example.com,1997-04-10,M,F
CD-2790,Todd,Gao,"60482 Howard Drives Apt. 204, Rodneyside, GU 16767",+234-00249943349,Todd.Gao@example.com,1992-07-10,M,F
CG-12040,Catherine,Glotzbach,"70201 Frank Heights Suite 704, New Anitatown, NM 85375",+234-00637809244,Catherine.Glotzbach@example.com,1991-02-11,M,F
CG-12520,Claire,Gute,"29939 Grace Isle Apt. 913, Joshuamouth, NY 48513",+234-00542006618,Claire.Gute@example.com,1995-05-04,M,M
CG-2040,Amanda,Carter,"PSC 5170, Box 4915, APO AE 91743",+234-00406146043,Amanda.Carter@example.com,1975-06-27,S,F
CG-2520,Claire,Gute,"7588 Goodwin Walks Apt. 753, Rickymouth, NH 99447",+234-00302674667,Claire.Gute@example.com,1991-02-06,M,F
CH-12070,Cathy,Hwang,"34070 Jackson Fords Apt. 472, Marshstad, OH 72550",+234-00342901946,Cathy.Hwang@example.com,1979-03-05,M,F
CH-2070,Cathy,Hwang,"21891 Nancy Key Suite 567, Lindseyport, FM 79514",+234-00166602519,Cathy.Hwang@example.com,1974-12-08,S,M
CJ-11875,Carl,Jackson,"70223 Elliott Summit Suite 158, Tamaraburgh, IA 99387",+234-00809100943,Carl.Jackson@example.com,1998-10-12,S,F
CJ-12010,Caroline,Jumper,"7899 Tucker Village Apt. 791, East Joshuatown, NV 90507",+234-00227623765,Caroline.Jumper@example.com,NULL,M,F
CJ-1875,Tiffany,Li,"426 Thompson Hill, Barkershire, NE 60630",+234-00391097172,Tiffany.Li@example.com,1999-10-11,M,M
CJ-2010,Seth,Phillips,"391 Michael Center Suite 129, Port Adamborough, ID 95950",+234-00847353681,Seth.Phillips@example.com,1970-06-02,M,M
CK-12205,Chloris,Kastensmidt,"3370 White Extensions, Turnerhaven, DC 41957",+234-00629012970,Chloris.Kastensmidt@example.com,1978-04-01,M,F
CK-12325,Christine,Kargatis,"476 Carlos Mountain, Leahfurt, GU 61382",+234-00130829402,Christine.Kargatis@example.com,1976-10-10,M,F
CK-12595,Clytie,Kelty,"068 Nicolas Valley, Port Julia, MI 52119",+234-00569855458,Clytie.Kelty@example.com,1975-08-06,S,NA
CK-12760,Cyma,Kinney,"2138 Steven Plains, Port James, OR 95299",+234-00358923864,Cyma.Kinney@example.com,1978-11-07,M,F
CK-2205,Angel,Stewart,"9395 Owens Squares Suite 721, Port Charles, DE 01391",+234-00724594895,Angel.Stewart@example.com,1986-09-06,M,M
CK-2325,Christine,Kargatis,"90020 Randy Ford, Hardyshire, AR 54820",+234-00472140706,Christine.Kargatis@example.com,1991-01-03,S,F
CK-2595,Clytie,Kelty,"434 Barron Junctions, Thomasview, NE 00625",+234-00578940920,Clytie.Kelty@example.com,1970-06-11,S,F
CK-2760,Ethan,Zhang,"425 Thompson Hill, Barkershire, NE 60630",+234-00583604056,Ethan.Zhang@example.com,1991-02-03,S,M
CL-11890,Carl,Ludwig,"07736 Stone Walks Suite 165, Scottbury, VI 26067",+234-00430503791,Carl.Ludwig@example.com,1978-08-04,S,F
CL-12565,Clay,Ludtke,"33135 Hannah Roads, Matthewstown, MI 34453",+234-00848674805,Clay.Ludtke@example.com,1970-07-12,S,F
CL-12700,Craig,Leslie,"025 Patrick Corner, Baileyland, NC 49633",+234-00665133822,Craig.Leslie@example.com,NULL,M,M
CL-1890,Shannon,Liu,"389 Michael Center Suite 129, Port Adamborough, ID 95950",+234-00264581441,Shannon.Liu@example.com,1988-03-02,M,M
CL-2565,Clay,Ludtke,"3473 Dawn Plaza Apt. 506, Simonview, NH 88725",+234-00417788308,Clay.Ludtke@example.com,1980-11-06,S,F
CL-2700,Craig,Leslie,"30771 Thompson Vista, New Rachelhaven, ME 63301",+234-00953546221,Craig.Leslie@example.com,1995-03-21,S,F
CM-11815,Candace,Mcmahon,"88504 Catherine Cliff, New Breanna, RI 70970",+234-00673366895,Candace.Mcmahon@example.com,NULL,S,M
CM-11830,Cari,Macintyre,"5414 Vanessa Parkways, East Tammyland, MI 45525",+234-00869660067,Cari.Macintyre@example.com,1975-06-03,M,F
CM-11935,Carlos,Meador,"3473 Kelly Fall Apt. 113, Port Garrettbury, RI 91148",+234-00298520231,Carlos.Meador@example.com,1975-09-06,NULL,F
CM-12115,Chad,Mcguire,"21828 David Islands, East Loriside, UT 47364",+234-00952949952,Chad.Mcguire@example.com,1991-06-09,M,F
CM-12160,Charles,Mccrossin,"44362 Antonio Station, Shannonhaven, TN 82545",+234-00108495971,Charles.Mccrossin@example.com,1976-11-09,M,M
CM-12190,Charlotte,Melton,"2191 David Locks Apt. 921, South Curtisfort, SD 97753",+234-00809791838,Charlotte.Melton@example.com,1970-07-01,M,M
CM-12235,Chris,Mcafee,"525 Ford Points, South Tinaside, GU 56922",+234-00323263735,Chris.Mcafee@example.com,1971-05-09,S,F
CM-12385,Christopher,Martinez,"1482 Philip Spur Apt. 670, Travismouth, MP 31470",+234-00776255878,Christopher.Martinez@example.com,1994-02-01,NULL,F
CM-12445,Chuck,Magee,"823 Walsh Forks Suite 636, South Marcusland, NV 81838",+234-00120671344,Chuck.Magee@example.com,1970-04-12,M,M
CM-12655,Corinna,Mitchell,"67856 David View, Victoriaburgh, MN 56504",+234-00399097675,Corinna.Mitchell@example.com,1993-07-04,NULL,F
CM-12715,Craig,Molinari,"4721 Karen Ramp, Mackfort, NM 57551",+234-00352866683,Craig.Molinari@example.com,1976-11-10,S,F
CM-1815,Emily,Johnson,"428 Thompson Hill, Barkershire, NE 60630",+234-00783132095,Emily.Johnson@example.com,1972-09-17,S,F
CM-1830,Cari,Macintyre,"USCGC Green, FPO AE 31695",+234-00842993314,Cari.Macintyre@example.com,1973-08-08,M,M
CM-1935,Candace,Fernandez,"9389 Owens Squares Suite 721, Port Charles, DE 01391",+234-00138802156,Candace.Fernandez@example.com,1975-12-06,S,F
CM-2115,Chad,Mcguire,"576 Cooper Port, Lake Natalieville, WV 39924",+234-00671857072,Chad.Mcguire@example.com,1975-03-03,M,M
CM-2160,Cedric,Ma,"1342 Boyd Square Apt. 193, Jasonbury, WV 17185",+234-00901786528,Cedric.Ma@example.com,1971-07-12,S,F
CM-2190,Charlotte,Melton,"20192 John Squares Apt. 274, South Natalie, NE 63942",+234-00809822583,Charlotte.Melton@example.com,1993-07-03,M,F
CM-2235,Christian,Thomas,"7597 Goodwin Walks Apt. 753, Rickymouth, NH 99447",+234-00724594895,Christian.Thomas@example.com,1979-04-24,S,F
CM-2385,Christopher,Martinez,"1169 Lane Harbor, Lake Sarahbury, NY 37259",+234-00138802156,Christopher.Martinez@example.com,1993-02-13,M,M
CM-2445,Chuck,Magee,"54930 Sanders Garden Apt. 606, Lake Darrenhaven, SC 21038",+234-00578940920,Chuck.Magee@example.com,1974-05-27,S,F
CM-2655,Caleb,Carter,"389 Michael Center Suite 129, Port Adamborough, ID 95950",+234-00570260442,Caleb.Carter@example.com,1973-09-18,S,NA
CM-2715,Craig,Molinari,"51956 Scott Mills, North Julieland, NH 65307",+234-00320633938,Craig.Molinari@example.com,1972-06-05,M,M
Co-12640,Corey,Lock,"1555 William Square Suite 675, New Bradleychester, UT 73910",+234-00523796386,Corey.Lock@example.com,1995-06-07,M,F
Co-2640,Hannah,Long,"PSC 5170, Box 4915, APO AE 91740",+234-00578940920,Hannah.Long@example.com,1978-11-23,M,M
CP-12085,Cathy,Prescott,"277 Reyes Lakes, Cameronville, HI 99161",+234-00645239182,Cathy.Prescott@example.com,1977-10-01,S,M
CP-12340,Christine,Phan,"58313 Jeffery Station, Angelafurt, NM 01041",+234-00689389208,Christine.Phan@example.com,1972-06-12,S,F
CP-2085,Cathy,Prescott,"87384 Linda Shoal, Gallegosside, AL 93818",+234-00905611123,Cathy.Prescott@example.com,1972-11-03,M,F
CP-2340,Christine,Phan,"64140 Owens Path Suite 352, Brooksburgh, NY 13702",+234-00182299463,Christine.Phan@example.com,1993-02-06,M,F
CR-12580,Clay,Rozendal,"21463 Jennifer Valleys Suite 398, North Suzanne, LA 13571",+234-00483051524,Clay.Rozendal@example.com,1979-03-06,M,F
CR-12625,Corey,Roper,"6901 Raymond Mall, North Josephfurt, MS 24826",+234-00979507282,Corey.Roper@example.com,1985-01-06,S,F
CR-12730,Craig,Reiter,"797 Reynolds Mission, Salinasview, WA 31267",+234-00784806788,Craig.Reiter@example.com,1979-02-03,M,M
CR-12820,Cyra,Reiten,"8181 Angela Avenue, Jeremyberg, ME 88796",+234-00385868781,Cyra.Reiten@example.com,1970-10-11,M,M
CR-2580,Clay,Rozendal,"377 Reed Dam, Brandyport, CA 79662",+234-00687154325,Clay.Rozendal@example.com,1974-02-08,M,F
CR-2625,Corey,Roper,"68397 Bobby Trail, Wareview, OR 81370",+234-00173092259,Corey.Roper@example.com,1971-10-07,M,F
CR-2730,Craig,Reiter,"391 Jason Stravenue, Zacharyton, MH 35181",+234-00391493125,Craig.Reiter@example.com,1996-10-19,S,NA
CR-2820,Ana,Price,"9395 Owens Squares Suite 721, Port Charles, DE 01391",+234-00149836096,Ana.Price@example.com,1971-04-07,S,F
CS-11845,Cari,Sayre,"80778 Jack Estates, Rileyview, CA 96885",+234-00860231292,Cari.Sayre@example.com,1979-07-08,S,M
CS-11860,Cari,Schnelling,"7800 Steven Summit Suite 927, Port Ashley, MT 77661",+234-00886981438,Cari.Schnelling@example.com,1974-10-06,S,F
CS-11950,Carlos,Soltero,"87300 Mcconnell Plaza Apt. 858, Snowfort, HI 60684",+234-00444192716,Carlos.Soltero@example.com,1971-02-08,NULL,F
CS-12130,Chad,Sievert,"73251 Johnson Orchard, Melissaton, MA 49786",+234-00178463369,Chad.Sievert@example.com,NULL,S,M
CS-12175,Charles,Sheldon,"11533 Dustin Mount Apt. 136, Margarethaven, MN 95892",+234-00904150235,Charles.Sheldon@example.com,1971-10-05,S,F
CS-12250,Chris,Selesnick,"577 Michael Island, West Richard, MA 57865",+234-00847061298,Chris.Selesnick@example.com,1973-11-08,M,F
CS-12355,Christine,Sundaresam,"37304 Patrick Vista, South Shannonport, AL 97451",+234-00406755874,Christine.Sundaresam@example.com,1974-04-01,M,M
CS-12400,Christopher,Schild,"1718 Garza Lakes, West Rebeccatown, NH 49588",+234-00355188080,Christopher.Schild@example.com,1973-06-24,S,F
CS-12460,Chuck,Sachs,"639 Ortega Crest Apt. 094, Loriville, MT 43405",+234-00496797397,Chuck.Sachs@example.com,1971-11-06,M,M
CS-12490,Cindy,Schnelling,"825 Rios Forge Suite 688, Port Matthew, WA 89338",+234-00988635488,Cindy.Schnelling@example.com,1975-10-01,M,F
CS-12505,Cindy,Stewart,"6837 Gilmore Mountains Suite 303, Adammouth, NY 51703",+234-00285504665,Cindy.Stewart@example.com,1993-09-05,S,M
CS-1845,Linda,Serrano,"145 Hogan Trail, Kathrynport, ND 63712",+234-00320944023,Linda.Serrano@example.com,1980-04-01,S,F
CS-1860,Casey,Luo,"23288 Hogan Courts Suite 082, East George, MI 74586",+234-00990238153,Casey.Luo@example.com,1980-03-14,S,M
CS-1950,Adam,Flores,"54936 Sanders Garden Apt. 606, Lake Darrenhaven, SC 21038",+234-00563081378,Adam.Flores@example.com,1974-02-24,M,M
CS-2130,Chad,Sievert,"422 Thompson Hill, Barkershire, NE 60630",+234-00138802156,Chad.Sievert@example.com,1997-12-25,M,M
CS-2175,Charles,Sheldon,"06239 Walker Locks Apt. 097, North Michael, PA 62280",+234-00603824202,Charles.Sheldon@example.com,1978-08-11,M,F
CS-2250,Angela,Murphy,"1349 Boyd Square Apt. 193, Jasonbury, WV 17185",+234-00578940920,Angela.Murphy@example.com,1973-06-22,S,M
CS-2355,Caroline,Russell,"30771 Thompson Vista, New Rachelhaven, ME 63301",+234-00391097172,Caroline.Russell@example.com,1995-06-18,M,M
CS-2400,Christopher,Schild,"45 Allison Burgs, Lukeshire, IA 99448",+234-00781174284,Christopher.Schild@example.com,1990-02-03,M,F
CS-2460,Chuck,Sachs,"381 Michael Center Suite 129, Port Adamborough, ID 95950",+234-00781174284,Chuck.Sachs@example.com,1988-05-25,M,M
CS-2490,Cindy,Schnelling,"11491 Shelby Forge, Fosterland, NV 31558",+234-00928739866,Cindy.Schnelling@example.com,1973-02-06,M,F
CS-2505,Cindy,Stewart,"149 Cox Trail Suite 188, Josephland, VA 78177",+234-00781174284,Cindy.Stewart@example.com,1995-03-21,S,M
CT-11995,Carol,Triggs,"8303 Woods Inlet, West Nicholas, ID 73865",+234-00641213708,Carol.Triggs@example.com,1973-01-07,S,F
CT-1995,Edward,Wood,"143 Hogan Trail, Kathrynport, ND 63712",+234-00583604056,Edward.Wood@example.com,1977-06-03,S,F
CV-12295,Christina,Vanderzanden,"9387 Owens Squares Suite 721, Port Charles, DE 01391",+234-00822658424,Christina.Vanderzanden@example.com,1985-02-17,S,F
CV-12805,Cynthia,Voltz,"2675 Wilson Harbor, East Jason, HI 86424",+234-00412344214,Cynthia.Voltz@example.com,1974-04-12,S,M
CV-2295,Stephanie,Murphy,"9394 Owens Squares Suite 721, Port Charles, DE 01391",+234-00320944023,Stephanie.Murphy@example.com,1977-09-27,S,F
CV-2805,Cynthia,Voltz,"Unit 7950 Box 8272, DPO AA 12341",+234-00913678773,Cynthia.Voltz@example.com,1990-10-02,M,F
CW-11905,Carl,Weiss,"USS Davis, FPO AP 07171",+234-00514817736,Carl.Weiss@example.com,1980-09-11,M,M
CW-1905,Carl,Weiss,"30774 Thompson Vista, New Rachelhaven, ME 63301",+234-00570260442,Carl.Weiss@example.com,1975-03-11,S,M
CY-12745,Craig,Yedwab,"95195 Ronnie Canyon, Brownfurt, MS 39386",+234-00484495457,Craig.Yedwab@example.com,1973-10-01,S,M
CY-2745,Gabrielle,Adams,"30773 Thompson Vista, New Rachelhaven, ME 63301",+234-00238813905,Gabrielle.Adams@example.com,1975-02-17,S,M
DA-13450,Dianna,Arnett,"285 Baker Ways Apt. 897, West Glenda, GA 83583",+234-00775396811,Dianna.Arnett@example.com,1999-02-03,S,M
DA-3450,Dianna,Arnett,"5632 Levi Station Suite 450, Port Harold, GU 28601",+234-00126603940,Dianna.Arnett@example.com,1972-03-28,S,F
DB-12910,Daniel,Byrd,"46114 Richard Crossroad, New Antonio, AZ 20387",+234-00302674667,Daniel.Byrd@example.com,1972-07-15,S,F
DB-12970,Darren,Budd,"8037 Russell Springs, Lake Mark, TX 28631",+234-00917615369,Darren.Budd@example.com,1970-08-08,S,M
DB-13060,Dave,Brooks,"USCGC Collins, FPO AP 85922",+234-00266987195,Dave.Brooks@example.com,1998-11-02,S,F
DB-13120,David,Bremer,"706 Regina Motorway, Hamiltonbury, NM 98288",+234-00478374706,David.Bremer@example.com,1975-04-04,S,F
DB-13210,Dean,Braden,"2954 Harvey Mountains, Griffinchester, ND 97472",+234-00738476773,Dean.Braden@example.com,1975-07-02,M,M
DB-13270,Deborah,Brumfield,"4562 Laura Plains, Loweside, NJ 90836",+234-00847378354,Deborah.Brumfield@example.com,1974-06-25,S,M
DB-13360,Dennis,Bolton,"1341 Boyd Square Apt. 193, Jasonbury, WV 17185",+234-00224195817,Dennis.Bolton@example.com,1996-02-13,S,F
DB-13405,Denny,Blanton,"19406 Powell Road, Oliviaton, SC 91396",+234-00981266681,Denny.Blanton@example.com,1982-10-02,M,M
DB-13555,Dorothy,Badders,"3305 Davis Greens Apt. 509, Kingburgh, CO 98408",+234-00171304321,Dorothy.Badders@example.com,1978-10-04,M,F
DB-13615,Doug,Bickford,"2265 Gardner Cape Apt. 822, New Rodney, FM 68723",+234-00337423870,Doug.Bickford@example.com,1996-11-04,S,F
DB-13660,Duane,Benoit,"007 Kristina Field, Reillyshire, RI 38662",+234-00164862612,Duane.Benoit@example.com,1976-07-02,S,F
DB-2910,Daniel,Byrd,"94308 Robert Light Apt. 356, West Jennifermouth, ND 68272",+234-00583604056,Daniel.Byrd@example.com,1978-04-11,S,F
DB-2970,Jasmine,Barnes,"23284 Hogan Courts Suite 082, East George, MI 74586",+234-00371918403,Jasmine.Barnes@example.com,1976-11-15,M,M
DB-3060,Dave,Brooks,"601 Harper Square Suite 262, Englishhaven, MI 97791",+234-00285282007,Dave.Brooks@example.com,1995-09-11,M,M
DB-3120,Charles,Miller,"151 Cox Trail Suite 188, Josephland, VA 78177",+234-00990238153,Charles.Miller@example.com,1977-12-17,S,M
DB-3210,Taylor,Lewis,"94308 Robert Light Apt. 356, West Jennifermouth, ND 68281",+234-00603875651,Taylor.Lewis@example.com,1998-04-03,M,M
DB-3270,Deborah,Brumfield,"54937 Sanders Garden Apt. 606, Lake Darrenhaven, SC 21038",+234-00990238153,Deborah.Brumfield@example.com,1994-04-10,M,F
DB-3360,Dennis,Bolton,"38920 Valerie Mill Apt. 018, East Cynthiaborough, UT 01389",+234-00816583853,Dennis.Bolton@example.com,1974-05-02,M,M
DB-3405,Tanya,Moreno,"54932 Sanders Garden Apt. 606, Lake Darrenhaven, SC 21038",+234-00637142888,Tanya.Moreno@example.com,1997-03-27,M,M
DB-3555,Dorothy,Badders,"702 Hurley Square Apt. 781, Newtonburgh, UT 40672",+234-00570260442,Dorothy.Badders@example.com,1970-06-21,M,M
DB-3615,Doug,Bickford,"380 Michael Center Suite 129, Port Adamborough, ID 95950",+234-00978932461,Doug.Bickford@example.com,1973-12-20,S,M
DB-3660,Duane,Benoit,"520 Tucker Station Apt. 098, Julieshire, WY 73108",+234-00990825606,Duane.Benoit@example.com,1970-03-01,M,F
DC-12850,Dan,Campbell,"23287 Hogan Courts Suite 082, East George, MI 74586",+234-00138802156,Dan.Campbell@example.com,1995-03-27,S,M
DC-13285,Debra,Catini,"9926 Price Inlet Suite 969, Eugeneland, UT 34120",+234-00476094251,Debra.Catini@example.com,1972-03-07,S,F
DC-2850,Dan,Campbell,"94308 Robert Light Apt. 356, West Jennifermouth, ND 68278",+234-00847353681,Dan.Campbell@example.com,1995-09-13,S,M
DC-3285,Grace,Butler,"4569 Laura Plains, Loweside, NJ 90836",+234-00250191472,Grace.Butler@example.com,1973-02-14,S,F
DD-13570,Dorothy,Dickinson,"8302 Jimmy Drives, South Deborah, MT 76324",+234-00901786528,Dorothy.Dickinson@example.com,1997-04-04,S,F
DD-3570,Dorothy,Dickinson,"54934 Sanders Garden Apt. 606, Lake Darrenhaven, SC 21038",+234-00302674667,Dorothy.Dickinson@example.com,1996-12-16,M,F
DE-13255,Deanra,Eno,"12907 Jeanette Way Suite 778, Lake Samanthaville, GA 39340",+234-00917526117,Deanra.Eno@example.com,1977-09-21,M,M
DE-3255,Deanra,Eno,"6664 Jacobson Ways Suite 210, South Hollymouth, NJ 16724",+234-00619453954,Deanra.Eno@example.com,1976-11-28,S,F
DF-13135,David,Flashing,"927 Sandra Rapid Suite 888, New Colleen, MS 22440",+234-00957765596,David.Flashing@example.com,1977-04-04,M,M
DF-3135,Todd,Li,"23287 Hogan Courts Suite 082, East George, MI 74586",+234-00563081378,Todd.Li@example.com,1971-08-21,M,F
DG-13300,Deirdre,Greer,"85775 Lyons Drive, South Todd, PA 48678",+234-00319993936,Deirdre.Greer@example.com,1970-09-08,M,M
DG-3300,Deirdre,Greer,"26170 Perry Via, Samanthamouth, RI 52067",+234-00326445551,Deirdre.Greer@example.com,1976-12-04,S,F
DH-13075,Dave,Hallsten,"87069 Baker Bypass Suite 261, Markland, OR 86175",+234-00948059189,Dave.Hallsten@example.com,1994-09-02,M,M
DH-13675,Duane,Huffman,"27072 Christopher Centers, Barkerside, MP 32062",+234-00498627547,Duane.Huffman@example.com,1973-07-12,M,M
DH-3075,Dana,Navarro,"23282 Hogan Courts Suite 082, East George, MI 74586",+234-00809822583,Dana.Navarro@example.com,1995-03-21,M,M
DH-3675,Duane,Huffman,"11272 Jason Prairie, Mooreburgh, DC 47666",+234-00130845940,Duane.Huffman@example.com,1979-03-12,M,F
DJ-13420,Denny,Joy,"PSC 1536, Box 2618, APO AE 38557",+234-00198701004,Denny.Joy@example.com,1972-12-05,NULL,F
DJ-13510,Don,Jones,"177 Nelson Heights, New Mariefurt, AL 66309",+234-00380925105,Don.Jones@example.com,1999-11-02,S,M
DJ-13630,Doug,Jacobs,"551 Rodriguez Ville Apt. 753, Lake Codyland, ND 40076",+234-00151142655,Doug.Jacobs@example.com,1999-07-05,M,M
DJ-3420,Angela,Butler,"60483 Howard Drives Apt. 204, Rodneyside, GU 16767",+234-00391097172,Angela.Butler@example.com,1972-12-27,S,F
DJ-3510,Don,Jones,"13538 Anna Via, South Daisy, IA 87041",+234-00731484301,Don.Jones@example.com,1992-07-01,M,M
DJ-3630,Doug,Jacobs,"4563 Laura Plains, Loweside, NJ 90836",+234-00238813905,Doug.Jacobs@example.com,1980-11-22,M,F
DK-12835,Damala,Kotsonis,"267 William Lock Suite 519, Johnsonmouth, ND 53019",+234-00613232070,Damala.Kotsonis@example.com,1972-08-06,S,F
DK-12895,Dana,Kaydos,"4288 Walton Keys Apt. 490, Stephenville, MO 93107",+234-00529408180,Dana.Kaydos@example.com,1975-04-09,S,NA
DK-12985,Darren,Koutras,"7204 Sellers Path, Mcgeemouth, TX 53666",+234-00576493012,Darren.Koutras@example.com,1976-02-04,M,M
DK-13090,Dave,Kipp,"097 Alexis Ridge Apt. 622, Rachelton, NV 03434",+234-00431804456,Dave.Kipp@example.com,1980-10-02,M,F
DK-13150,David,Kendrick,"406 Carol Plains, New Jessestad, CO 62715",+234-00639608444,David.Kendrick@example.com,1973-08-02,M,M
DK-13225,Dean,Katz,"30769 Thompson Vista, New Rachelhaven, ME 63301",+234-00126603940,Dean.Katz@example.com,1991-06-22,M,M
DK-13375,Dennis,Kane,"5894 Brett Plain, Riveraport, MA 60599",+234-00792942922,Dennis.Kane@example.com,1975-02-01,M,F
DK-2835,Damala,Kotsonis,"699 Hurley Square Apt. 781, Newtonburgh, UT 40672",+234-00276124447,Damala.Kotsonis@example.com,1993-08-10,S,M
DK-2895,Megan,Walker,"702 Hurley Square Apt. 781, Newtonburgh, UT 40672",+234-00264581441,Megan.Walker@example.com,1978-11-23,S,F
DK-2985,Micah,Zhou,"23282 Hogan Courts Suite 082, East George, MI 74586",+234-00556385322,Micah.Zhou@example.com,1970-04-11,S,M
DK-3090,Dave,Kipp,"1345 Boyd Square Apt. 193, Jasonbury, WV 17185",+234-00320944023,Dave.Kipp@example.com,1979-08-10,S,NA
DK-3150,David,Kendrick,"44 Allison Burgs, Lukeshire, IA 99448",+234-00302674667,David.Kendrick@example.com,1998-05-10,S,M
DK-3225,Marcus,Harris,"60477 Howard Drives Apt. 204, Rodneyside, GU 16767",+234-00406146043,Marcus.Harris@example.com,1997-11-21,M,M
DK-3375,Dennis,Kane,"749 Laura Square, Sarahaven, NJ 37805",+234-00979164845,Dennis.Kane@example.com,1972-09-03,S,F
DL-12865,Dan,Lawera,"9456 Kimberly Shoals Apt. 984, Port Samanthaside, PA 22543",+234-00806987614,Dan.Lawera@example.com,1998-08-04,M,M
DL-12925,Daniel,Lacy,"619 Jessica Manor Apt. 555, Jenniferport, VT 08156",+234-00607059468,Daniel.Lacy@example.com,1977-07-01,S,M
DL-13315,Delfina,Latchford,"297 Hall River, Ramosland, AZ 88920",+234-00127980887,Delfina.Latchford@example.com,1977-10-10,S,F
DL-13330,Denise,Leinenbach,"65168 Miller Extension, West Rachelstad, SD 37352",+234-00934665410,Denise.Leinenbach@example.com,1971-07-03,M,F
DL-13495,Dionis,Lloyd,"95343 Davis Points Apt. 613, Adkinsport, NE 89375",+234-00118983255,Dionis.Lloyd@example.com,1977-05-05,M,F
Dl-13600,Dorris,Liebe,"0079 Lisa Cape Apt. 186, Abigailfurt, CO 57832",+234-00730154994,Dorris.Liebe@example.com,1970-01-03,M,M
DL-2865,Dan,Lawera,"420 Thompson Hill, Barkershire, NE 60630",+234-00871865370,Dan.Lawera@example.com,1974-09-21,M,M
DL-2925,Amber,Turner,"6367 Curtis Radial Apt. 095, Perkinsborough, MS 65330",+234-00406146043,Amber.Turner@example.com,1972-02-18,S,M
DL-3315,Delfina,Latchford,"20198 John Squares Apt. 274, South Natalie, NE 63942",+234-00138806509,Delfina.Latchford@example.com,1970-12-08,M,M
DL-3330,Denise,Leinenbach,"9803 Lewis Route, South Ninaland, SD 55477",+234-00441833173,NULL,1998-07-02,S,M
DL-3495,Dionis,Lloyd,"54932 Sanders Garden Apt. 606, Lake Darrenhaven, SC 21038",+234-00742024324,Dionis.Lloyd@example.com,1970-02-21,S,M
Dl-3600,Dorris,Liebe,"1342 Boyd Square Apt. 193, Jasonbury, WV 17185",+234-00249943349,Dorris.Liebe@example.com,1975-09-27,M,M
DM-12955,Dario,Medina,"2044 Maldonado Land, Samanthashire, FL 28847",+234-00723658625,Dario.Medina@example.com,1974-03-03,S,M
DM-13015,Darrin,Martin,"103 Christina Pines, South Keithburgh, AZ 26495",+234-00980259378,Darrin.Martin@example.com,1996-09-09,S,F
DM-13345,Denise,Monton,"337 Elizabeth Key Suite 981, Zunigaborough, NJ 62425",+234-00676054737,Denise.Monton@example.com,1970-11-06,S,F
DM-13525,Don,Miller,"02359 Smith Isle, Jacksonland, FM 17121",+234-00307373874,Don.Miller@example.com,1998-08-06,M,M
DM-2955,Dario,Medina,"654 Mendez Land, Parkschester, MA 55678",+234-00410492404,Dario.Medina@example.com,1976-06-11,S,F
DM-3015,Darrin,Martin,"55468 Bell Island, Johnstown, MI 03264",+234-00724594895,Darrin.Martin@example.com,1997-02-03,S,F
DM-3345,Denise,Monton,"6361 Curtis Radial Apt. 095, Perkinsborough, MS 65330",+234-00264581441,Denise.Monton@example.com,1998-11-02,M,F
DM-3525,Don,Miller,"1169 Lane Harbor, Lake Sarahbury, NY 37259",+234-00219602225,Don.Miller@example.com,1972-04-02,M,M
DN-13690,Duane,Noonan,"7157 Darlene Lakes, South Anita, GA 36178",+234-00276124447,Duane.Noonan@example.com,1971-06-13,S,F
DN-3690,Denise,Stone,"9394 Owens Squares Suite 721, Port Charles, DE 01391",+234-00238813905,Denise.Stone@example.com,1997-07-09,S,M
DO-13435,Denny,Ordway,"988 Lang Grove Apt. 379, Lake Matthew, CA 80016",+234-00594672263,Denny.Ordway@example.com,1999-02-02,S,F
DO-13645,Doug,O'Connell,"30575 Hill Inlet Suite 201, Annafurt, MH 21589",+234-00370849284,Doug.O'Connell@example.com,1970-02-04,M,M
DO-3435,Denny,Ordway,"8546 Cynthia Spur Suite 122, Lake Davidhaven, PR 41157",+234-00763971135,Denny.Ordway@example.com,1995-05-10,S,F
DO-3645,Doug,O'Connell,"432 Barron Junctions, Thomasview, NE 00625",+234-00570260442,Doug.O'Connell@example.com,1995-05-09,M,M
DP-13000,Darren,Powers,"602 Craig Mews, Port Cindy, ND 36397",+234-00778731853,Darren.Powers@example.com,1970-09-08,M,F
DP-13105,Dave,Poirier,"032 Gray Key, Kellihaven, IA 87057",+234-00166163795,Dave.Poirier@example.com,1975-11-03,M,F
DP-13165,David,Philippe,"6505 Ballard Lodge, East John, ID 55370",+234-00886621137,David.Philippe@example.com,1975-03-04,S,M
Dp-13240,Dean,Percer,"6086 Mccormick Cliffs Apt. 330, Kimberlyfort, OR 32364",+234-00121559015,Dean.Percer@example.com,NULL,S,M
DP-13390,Dennis,Pardue,"4782 Alexandria Road Suite 035, West Linda, DC 37290",+234-00550141652,Dennis.Pardue@example.com,1996-09-10,S,F
DP-3000,Darren,Powers,"148 Cox Trail Suite 188, Josephland, VA 78177",+234-00978932461,Darren.Powers@example.com,1998-02-27,M,F
DP-3105,Dave,Poirier,"721 Amy Prairie Suite 163, Davidmouth, HI 35530",+234-00550426563,Dave.Poirier@example.com,1975-04-10,M,M
DP-3165,David,Philippe,"9391 Owens Squares Suite 721, Port Charles, DE 01391",+234-00249943349,David.Philippe@example.com,1998-10-14,M,M
Dp-3240,Robin,Alvarez,"60482 Howard Drives Apt. 204, Rodneyside, GU 16767",+234-00126603940,Robin.Alvarez@example.com,1995-02-07,S,F
DP-3390,Ross,Jordan,"139 Hogan Trail, Kathrynport, ND 63712",+234-00822658424,Ross.Jordan@example.com,1995-11-27,M,M
DR-12880,Dan,Reichenbach,"74179 Sparks Well, Port Wesleyville, WV 45910",+234-00419988907,Dan.Reichenbach@example.com,1978-02-11,M,M
DR-12940,Daniel,Raglin,"5977 Davis Trace Suite 139, New Tina, HI 00799",+234-00731403241,Daniel.Raglin@example.com,1982-05-03,M,M
DR-2880,Christine,Yuan,"388 Michael Center Suite 129, Port Adamborough, ID 95950",+234-00724594895,Christine.Yuan@example.com,1973-02-25,M,M
DR-2940,Daniel,Raglin,"4565 Laura Plains, Loweside, NJ 90836",+234-00753221592,Daniel.Raglin@example.com,1990-02-23,M,M
DS-13030,Darrin,Sayre,"1173 Lane Harbor, Lake Sarahbury, NY 37259",+234-00953546221,Darrin.Sayre@example.com,1998-06-14,M,M
DS-13180,David,Smith,"Unit 2233 Box 9201, DPO AE 42394",+234-00865459506,David.Smith@example.com,1971-06-01,M,M
DS-3030,Darrin,Sayre,"431 Barron Junctions, Thomasview, NE 00625",+234-00724594895,Darrin.Sayre@example.com,1974-02-27,M,M
DS-3180,Danielle,Reed,"390 Michael Center Suite 129, Port Adamborough, ID 95950",+234-00753221592,Danielle.Reed@example.com,1979-09-12,S,F
DV-13045,Darrin,Van-Huff,"3443 Steven Ville Suite 875, Port Brianamouth, PW 01443",+234-00714148197,Darrin.Van-Huff@example.com,1974-02-07,M,F
DV-13465,Dianna,Vittorini,"15893 Seth Heights Apt. 929, Hooverton, WA 53934",+234-00730785566,Dianna.Vittorini@example.com,1999-03-12,M,M
DV-3045,Darrin,Van-Huff,"Unit 5122 Box 1673, DPO AE 17936",+234-00724594895,Darrin.Van-Huff@example.com,1994-08-23,M,M
DV-3465,Dianna,Vittorini,"76584 Martin Place, Aaronview, VT 52786",+234-00111153261,Dianna.Vittorini@example.com,1991-04-10,M,F
DW-13195,David,Wiener,"2553 Katie Ramp, North James, DC 04861",+234-00515075255,David.Wiener@example.com,1970-04-01,M,F
DW-13480,Dianna,Wilson,"6980 Rick Fields Suite 495, Wilsonbury, MS 85684",+234-00394522415,Dianna.Wilson@example.com,1988-07-11,M,M
DW-13540,Don,Weiss,"71166 Karen Valleys, East Sharonfort, HI 31089",+234-00427774879,Don.Weiss@example.com,1991-08-05,M,M
DW-13585,Dorothy,Wardle,"206 Peterson Land Suite 606, East Nicole, MN 10484",+234-00583549285,Dorothy.Wardle@example.com,1976-11-26,S,M
DW-3195,David,Wiener,"PSC 5170, Box 4915, APO AE 91739",+234-00678139616,David.Wiener@example.com,1970-10-26,M,F
DW-3480,Dianna,Wilson,"5431 Cooper Hollow, New Gary, AS 85306",+234-00407664079,Dianna.Wilson@example.com,1978-06-09,S,F
DW-3540,Don,Weiss,"Unit 5122 Box 1673, DPO AE 17935",+234-00847378354,Don.Weiss@example.com,1996-02-12,M,M
DW-3585,Jacqueline,Powell,"9396 Owens Squares Suite 721, Port Charles, DE 01391",+234-00570260442,Jacqueline.Powell@example.com,1991-07-19,S,F
EA-14035,Erin,Ashbrook,"USS Keith, FPO AE 98065",+234-00865961107,Erin.Ashbrook@example.com,1974-12-03,S,F
EA-4035,Haley,Richardson,"147 Hogan Trail, Kathrynport, ND 63712",+234-00264581441,Haley.Richardson@example.com,1970-08-13,M,M
EB-13705,Ed,Braxton,"0730 David Locks, Steeletown, PR 57972",+234-00893400153,Ed.Braxton@example.com,1993-10-04,M,F
EB-13750,Edward,Becker,"582 Coleman Plaza, Dunnshire, MI 40328",+234-00234571462,Edward.Becker@example.com,1997-07-06,M,F
EB-13840,Ellis,Ballard,"167 Carly Parkway Suite 693, Alexandertown, SD 74660",+234-00489648810,Ellis.Ballard@example.com,1998-07-07,M,F
EB-13870,Emily,Burns,"215 Chapman Parkway, Guerrachester, VA 79923",+234-00615319016,Emily.Burns@example.com,1975-02-05,M,M
EB-13930,Eric,Barreto,"382 Joseph Forges, Wilsonhaven, WA 21921",+234-00156732113,Eric.Barreto@example.com,1976-07-11,M,F
EB-13975,Erica,Bern,"159 Kelly Junction Suite 699, Shanefurt, PR 76100",+234-00566570079,Erica.Bern@example.com,1971-09-01,S,F
EB-14110,Eugene,Barchas,"28797 Hill Landing, East Scottfort, MH 10721",+234-00106162504,Eugene.Barchas@example.com,1991-11-10,M,F
EB-14170,Evan,Bailliet,"705 Hurley Square Apt. 781, Newtonburgh, UT 40672",+234-00637142888,Evan.Bailliet@example.com,1973-04-13,M,M
EB-3705,Ed,Braxton,"848 Scott Corner Suite 445, Karenmouth, WA 11060",+234-00785997253,Ed.Braxton@example.com,1974-06-03,M,F
EB-3750,Edward,Becker,"1346 Boyd Square Apt. 193, Jasonbury, WV 17185",+234-00724594895,Edward.Becker@example.com,1996-06-05,S,M
EB-3840,Ellis,Ballard,"54936 Sanders Garden Apt. 606, Lake Darrenhaven, SC 21038",+234-00219602225,Ellis.Ballard@example.com,1971-01-07,M,F
EB-3870,Jenny,Rai,"146 Hogan Trail, Kathrynport, ND 63712",+234-00783132095,Jenny.Rai@example.com,1978-09-10,S,F
EB-3930,Jaime,Nath,"151 Cox Trail Suite 188, Josephland, VA 78177",+234-00820315493,Jaime.Nath@example.com,1975-10-09,S,M
EB-3975,Erica,Bern,"353 Ortega Mountain Suite 257, Smithstad, ID 74739",+234-00399004358,Erica.Bern@example.com,1979-04-02,S,F
EB-4110,Eugene,Barchas,"382 Michael Center Suite 129, Port Adamborough, ID 95950",+234-00138806509,Eugene.Barchas@example.com,1974-07-18,S,F
EB-4170,Trevor,Bryant,"50 Allison Burgs, Lukeshire, IA 99448",+234-00433756456,Trevor.Bryant@example.com,1971-03-13,S,F
EC-14050,Erin,Creighton,"65989 Nguyen Crossroad Suite 953, Petermouth, MD 82930",+234-00236190653,Erin.Creighton@example.com,1979-08-01,S,F
EC-4050,Erin,Creighton,"4562 Laura Plains, Loweside, NJ 90836",+234-00276124447,Erin.Creighton@example.com,1971-03-20,M,F
ED-13885,Emily,Ducich,"2348 Matthew Spur, East Theresa, WY 33245",+234-00362115623,Emily.Ducich@example.com,1974-04-04,M,M
ED-3885,Lauren,Martinez,"50 Allison Burgs, Lukeshire, IA 99448",+234-00391097172,Lauren.Martinez@example.com,1979-03-14,S,M
EG-13900,Emily,Grady,"USCGC Hammond, FPO AP 81585",+234-00616319805,Emily.Grady@example.com,1971-04-12,S,F
EG-3900,Emily,Grady,"8248 Charlene Turnpike, Tonyastad, FM 36821",+234-00336862566,Emily.Grady@example.com,1972-07-04,M,M
EH-13765,Edward,Hooks,"596 Lawson Fork, Port Chrisshire, WA 96687",NULL,Edward.Hooks@example.com,1999-06-02,M,M
EH-13945,Eric,Hoffmann,"253 Harris Prairie, Port Juliabury, NV 87191",+234-00742452707,Eric.Hoffmann@example.com,1971-07-10,M,F
EH-13990,Erica,Hackney,"4561 Laura Plains, Loweside, NJ 90836",+234-00433756456,Erica.Hackney@example.com,1978-06-26,S,M
EH-14005,Erica,Hernandez,"167 Jasmine Park Apt. 349, Port Paulfurt, GU 89073",+234-00178094442,Erica.Hernandez@example.com,NULL,S,M
EH-14125,Eugene,Hildebrand,"29982 Nichols Fort, Hornehaven, KY 49880",+234-00999957861,Eugene.Hildebrand@example.com,1972-09-09,S,F
EH-14185,Evan,Henry,"3405 Chad Square Apt. 336, North Barbara, FM 29932",+234-00775601204,Evan.Henry@example.com,1996-04-01,S,M
EH-3765,Jennifer,Cooper,"142 Hogan Trail, Kathrynport, ND 63712",+234-00901786528,Jennifer.Cooper@example.com,1975-06-23,M,M
EH-3945,Eric,Hoffmann,"20116 Scott Inlet Suite 147, Lake Tracyhaven, TN 93769",+234-00522482309,Eric.Hoffmann@example.com,1982-02-04,S,M
EH-3990,Lisa,Cai,"706 Hurley Square Apt. 781, Newtonburgh, UT 40672",+234-00742024324,Lisa.Cai@example.com,1996-11-16,S,M
EH-4005,Erica,Hernandez,"449 Michelle Courts Suite 701, South Kellyburgh, AZ 77336",+234-00847353681,Erica.Hernandez@example.com,1972-08-10,M,M
EH-4125,Eugene,Hildebrand,"56233 Ryan Ridge Suite 484, Summerville, NM 32077",+234-00268423873,Eugene.Hildebrand@example.com,1995-06-08,M,M
EH-4185,Evan,Henry,"52017 Randy Springs Apt. 166, Wattsside, OR 32735",+234-00640979252,Evan.Henry@example.com,1975-12-11,M,F
EJ-13720,Ed,Jacobs,"84827 Tony Islands, West Petermouth, VT 81292",+234-00220939407,Ed.Jacobs@example.com,1975-05-01,M,M
EJ-14155,Eva,Jacobs,"7311 Kirk Ville Suite 852, East Crystal, MO 27964",+234-00992489141,Eva.Jacobs@example.com,1996-03-07,S,M
EJ-3720,Ed,Jacobs,"4563 Laura Plains, Loweside, NJ 90836",+234-00783132095,Ed.Jacobs@example.com,1994-08-12,M,M
EJ-4155,Eva,Jacobs,"4564 Laura Plains, Loweside, NJ 90836",+234-00149836096,Eva.Jacobs@example.com,1999-07-03,S,M
EK-13795,Eileen,Kiefer,"1779 Henderson Island Suite 787, East David, PA 08216",+234-00523127860,Eileen.Kiefer@example.com,1978-09-12,S,F
EK-3795,Eileen,Kiefer,"432 Barron Junctions, Thomasview, NE 00625",+234-00270217070,Eileen.Kiefer@example.com,1978-11-20,M,F
EL-13735,Ed,Ludwig,"959 Shawn Landing Apt. 159, Donnastad, CT 18325",+234-00362008815,Ed.Ludwig@example.com,1974-02-07,S,M
EL-3735,Wendy,Dominguez,"30775 Thompson Vista, New Rachelhaven, ME 63301",+234-00753221592,Wendy.Dominguez@example.com,1976-07-08,S,M
EM-13810,Eleni,Mccrary,"809 Roy Radial Apt. 438, Port Derrickville, OH 83203",+234-00152111683,Eleni.Mccrary@example.com,1972-02-11,M,F
EM-13825,Elizabeth,Moffitt,"PSC 2321, Box 9709, APO AP 67195",+234-00811638025,Elizabeth.Moffitt@example.com,1999-11-01,S,F
EM-13960,Eric,Murdock,"44836 Wendy Spurs, Port Joshuaport, PA 28727",+234-00944835948,Eric.Murdock@example.com,1971-07-02,S,F
EM-14065,Erin,Mull,"244 Donna Route, Simpsonbury, MO 58736",+234-00217621195,Erin.Mull@example.com,1999-09-12,S,F
EM-14095,Eudokia,Martin,"512 Michelle Dam Apt. 155, South Taramouth, DC 92848",+234-00563081378,Eudokia.Martin@example.com,1997-05-08,M,M
EM-14140,Eugene,Moren,"5385 Richard Branch, Caitlynfort, UT 97405",+234-00481723576,Eugene.Moren@example.com,1972-03-05,M,F
EM-14200,Evan,Minnotte,"3251 Amy Vista Apt. 544, Port Antonio, VI 00518",+234-00665627195,Evan.Minnotte@example.com,1979-09-03,S,F
EM-3810,Jason,Wright,"1345 Boyd Square Apt. 193, Jasonbury, WV 17185",+234-00847378354,Jason.Wright@example.com,1977-10-15,S,M
EM-3825,Noah,Coleman,"1343 Boyd Square Apt. 193, Jasonbury, WV 17185",+234-00249943349,Noah.Coleman@example.com,1970-10-26,M,M
EM-3960,Eric,Murdock,"Unit 0643 Box 4699, DPO AA 10904",+234-00275231684,Eric.Murdock@example.com,1997-12-02,S,F
EM-4065,Erin,Mull,"7662 Johnson River Suite 577, Jacksonfort, UT 83082",+234-00288231681,Erin.Mull@example.com,1999-06-13,M,M
EM-4095,Eudokia,Martin,"43 Allison Burgs, Lukeshire, IA 99448",+234-00406146043,Eudokia.Martin@example.com,1994-05-22,S,F
EM-4140,Eugene,Moren,"703 Hurley Square Apt. 781, Newtonburgh, UT 40672",+234-00678139616,Eugene.Moren@example.com,1992-12-18,M,F
EM-4200,Evan,Minnotte,"PSC 0691, Box 5661, APO AE 37007",+234-00718457301,Evan.Minnotte@example.com,1994-02-02,M,F
EN-13780,Edward,Nazzal,"8517 Moreno Crossing Suite 138, Taylormouth, DE 22974",+234-00513426399,Edward.Nazzal@example.com,1978-06-10,M,M
EN-3780,Ricky,Vazquez,"1349 Boyd Square Apt. 193, Jasonbury, WV 17185",+234-00847353681,Ricky.Vazquez@example.com,1994-10-03,M,M
EP-13915,Emily,Phan,"58582 Nolan Garden Apt. 413, Nelsonview, NV 30949",+234-00381021012,Emily.Phan@example.com,1994-12-06,M,F
EP-3915,Nathan,Perry,"60481 Howard Drives Apt. 204, Rodneyside, GU 16767",+234-00820315493,Nathan.Perry@example.com,1975-05-19,M,F
ER-13855,Elpida,Rittenbach,"32058 Simmons Club, Grantton, WA 87867",+234-00758678435,Elpida.Rittenbach@example.com,NULL,M,F
ER-3855,Elpida,Rittenbach,"0453 Davis Course Apt. 102, Walkerside, VI 65960",+234-00130571682,Elpida.Rittenbach@example.com,1978-08-20,S,M
ES-14020,Erica,Smith,"544 Gabriel Springs Suite 081, Webbchester, DE 76890",+234-00919933724,Erica.Smith@example.com,1970-05-11,M,F
ES-14080,Erin,Smith,"9023 Zachary Harbor, Moorefurt, MD 39142",+234-00728233447,Erin.Smith@example.com,1998-10-12,S,F
ES-4020,Erica,Smith,"PSC 5170, Box 4915, APO AE 91744",+234-00978932461,Erica.Smith@example.com,1970-05-23,S,F
ES-4080,Erin,Smith,"20195 John Squares Apt. 274, South Natalie, NE 63942",+234-00214466749,Erin.Smith@example.com,1992-09-25,S,M
FA-14230,Frank,Atkinson,"5099 Kurt Loop Suite 824, Penastad, MP 67542",+234-00570091806,Frank.Atkinson@example.com,1997-11-03,M,F
FA-4230,Marc,Diaz,"20198 John Squares Apt. 274, South Natalie, NE 63942",+234-00138802156,Marc.Diaz@example.com,1991-12-25,M,F
FC-14245,Frank,Carlisle,"6517 Walker Centers Suite 612, Kristenshire, IL 04834",+234-00491816454,Frank.Carlisle@example.com,1974-06-02,M,M
FC-14335,Fred,Chung,"234 Sharon Roads Apt. 228, Port Janet, MS 68059",+234-00823910280,NULL,NULL,M,F
FC-4245,Frank,Carlisle,"419 Thompson Hill, Barkershire, NE 60630",+234-00137313993,Frank.Carlisle@example.com,1992-05-08,S,F
FC-4335,Clarence,Anand,"438 Barron Junctions, Thomasview, NE 00625",+234-00214466749,Clarence.Anand@example.com,1972-06-27,M,M
FG-14260,Frank,Gastineau,"Unit 9481 Box 6689, DPO AE 04247",+234-00943140652,Frank.Gastineau@example.com,1978-08-09,M,F
FG-4260,Luke,Long,"51 Allison Burgs, Lukeshire, IA 99448",+234-00276124447,Luke.Long@example.com,1970-02-02,M,F
FH-14275,Frank,Hawley,"3372 David Throughway, Flemingburgh, VI 40679",+234-00577065978,Frank.Hawley@example.com,1973-03-08,S,M
FH-14350,Fred,Harton,"8183 Mullen Avenue Suite 070, Kennedymouth, FL 20579",+234-00962795640,Fred.Harton@example.com,1973-07-07,M,F
FH-14365,Fred,Hopkins,"207 Darin Point, Port Zachary, CT 00663",+234-00823067355,Fred.Hopkins@example.com,1973-02-11,NULL,F
FH-4275,Sean,Evans,"139 Hogan Trail, Kathrynport, ND 63712",+234-00978932461,Sean.Evans@example.com,1998-09-06,M,F
FH-4350,Spencer,Russell,"43 Allison Burgs, Lukeshire, IA 99448",+234-00250191472,Spencer.Russell@example.com,1970-09-22,M,F
FH-4365,Fred,Hopkins,"4566 Laura Plains, Loweside, NJ 90836",+234-00847353681,Fred.Hopkins@example.com,1996-09-21,M,F
FM-14215,Filia,Mcadams,"3432 Kenneth Meadow Suite 890, Nicolehaven, ME 48244",+234-00853208366,Filia.Mcadams@example.com,1995-08-01,M,F
FM-14290,Frank,Merwin,"0392 Jones Springs, Russellburgh, OR 68019",+234-00352064214,Frank.Merwin@example.com,1976-05-05,S,F
FM-14380,Fred,Mcmath,"USNS Andrews, FPO AP 99322",+234-00837336063,Fred.Mcmath@example.com,1992-03-06,M,F
FM-4215,Filia,Mcadams,"420 Jessica Port, Brittanyland, WV 76293",+234-00953546221,Filia.Mcadams@example.com,1997-11-18,M,F
FM-4290,Heidi,Lopez,"Unit 5122 Box 1673, DPO AE 17941",+234-00742024324,Heidi.Lopez@example.com,1971-08-22,S,F
FM-4380,Micheal,Blanco,"60476 Howard Drives Apt. 204, Rodneyside, GU 16767",+234-00250191472,Micheal.Blanco@example.com,1993-10-24,S,M
FO-14305,Frank,Olsen,"861 Rebecca Hollow Apt. 295, South Michelle, MI 52597",+234-00830023797,Frank.Olsen@example.com,1997-12-02,M,F
FO-4305,Nathan,Simmons,"426 Thompson Hill, Barkershire, NE 60630",+234-00433756456,Nathan.Simmons@example.com,1975-02-21,M,F
FP-14320,Frank,Preis,"60478 Howard Drives Apt. 204, Rodneyside, GU 16767",+234-00822658424,Frank.Preis@example.com,1999-10-12,M,F
FP-4320,Larry,Townsend,"1171 Lane Harbor, Lake Sarahbury, NY 37259",+234-00224195817,Larry.Townsend@example.com,1996-10-12,M,M
FW-14395,Fred,Wasserman,"167 Daniel Mission Apt. 904, Calvinmouth, WI 79451",+234-00534571399,Fred.Wasserman@example.com,1974-08-09,NULL,F
FW-4395,Andrea,Morris,"704 Hurley Square Apt. 781, Newtonburgh, UT 40672",+234-00847353681,Andrea.Morris@example.com,1979-08-20,S,F
GA-14515,George,Ashbrook,"USS Mora, FPO AA 20887",+234-00159676901,George.Ashbrook@example.com,1974-12-08,S,M
GA-14725,Guy,Armstrong,"24401 Bryan Station, Huertaburgh, VT 86548",+234-00883093056,Guy.Armstrong@example.com,1970-05-07,S,F
GA-4515,George,Ashbrook,"54931 Sanders Garden Apt. 606, Lake Darrenhaven, SC 21038",+234-00809822583,George.Ashbrook@example.com,1980-05-18,S,F
GA-4725,Guy,Armstrong,"PSC 5170, Box 4915, APO AE 91740",+234-00556385322,Guy.Armstrong@example.com,1970-01-07,S,M
GB-14530,George,Bell,"USNS Juarez, FPO AE 86950",+234-00556860534,George.Bell@example.com,1994-10-03,M,M
GB-14575,Giulietta,Baptist,"301 Peter Row, Robertschester, FL 93254",+234-00155119702,Giulietta.Baptist@example.com,1975-08-17,M,M
GB-4530,Mayra,Prasad,"30776 Thompson Vista, New Rachelhaven, ME 63301",+234-00678139616,Mayra.Prasad@example.com,1998-01-20,M,M
GB-4575,Giulietta,Baptist,"136 Hogan Trail, Kathrynport, ND 63712",+234-00371918403,Giulietta.Baptist@example.com,1971-08-22,M,F
GD-14590,Giulietta,Dortch,"PSC 0586, Box 9200, APO AP 83092",+234-00455333041,Giulietta.Dortch@example.com,1996-05-09,M,M
GD-4590,Ryan,Foster,"54938 Sanders Garden Apt. 606, Lake Darrenhaven, SC 21038",+234-00820315493,Ryan.Foster@example.com,1980-02-23,S,M
GG-14650,Greg,Guthrie,"350 Megan Heights, East Monicafort, AK 68287",+234-00158858451,Greg.Guthrie@example.com,1974-05-04,S,F
GG-4650,Greg,Guthrie,"7590 Goodwin Walks Apt. 753, Rickymouth, NH 99447",+234-00219602225,Greg.Guthrie@example.com,1995-02-18,M,M
GH-14410,Gary,Hansen,"4713 Dalton Causeway Suite 728, North Sharon, KS 97692",+234-00910699669,Gary.Hansen@example.com,1979-11-06,M,F
GH-14425,Gary,Hwang,"USS Eaton, FPO AE 13385",+234-00934515125,Gary.Hwang@example.com,1999-03-04,M,F
GH-14485,Gene,Hale,"7883 Jeremiah Hollow Apt. 395, Flynnmouth, MT 70236",+234-00829215361,Gene.Hale@example.com,1980-03-02,M,F
GH-14665,Greg,Hansen,"USS Richardson, FPO AA 29473",+234-00444212957,Greg.Hansen@example.com,1975-11-02,M,F
GH-4410,Gary,Hansen,"Unit 5122 Box 1673, DPO AE 17935",+234-00320944023,Gary.Hansen@example.com,1977-05-27,S,F
GH-4425,Gary,Hwang,"94308 Robert Light Apt. 356, West Jennifermouth, ND 68270",+234-00990238153,Gary.Hwang@example.com,1971-07-26,M,F
GH-4485,Gene,Hale,"20194 John Squares Apt. 274, South Natalie, NE 63942",+234-00250191472,Gene.Hale@example.com,1979-01-06,S,F
GH-4665,Greg,Hansen,"60475 Howard Drives Apt. 204, Rodneyside, GU 16767",+234-00742024324,Greg.Hansen@example.com,1971-07-03,M,M
GK-14620,Grace,Kelly,"707 Collin Oval Apt. 031, Raymouth, TX 15963",+234-00662766581,Grace.Kelly@example.com,1993-02-11,S,M
GK-4620,Alfredo,Romero,"20196 John Squares Apt. 274, South Natalie, NE 63942",+234-00302674667,Alfredo.Romero@example.com,1979-11-18,S,M
GM-14440,Gary,Mcgarr,"59576 Jon Terrace, North James, NM 62496",+234-00214413793,Gary.Mcgarr@example.com,1993-11-02,S,M
GM-14455,Gary,Mitchum,"5541 Gregory Plain, New Veronica, NY 46956",+234-00727206831,Gary.Mitchum@example.com,1996-02-01,S,F
GM-14500,Gene,Mcclure,"853 Brian Gardens, Ortizmouth, OK 49875",+234-00251689401,Gene.Mcclure@example.com,1973-03-02,S,F
GM-14680,Greg,Matthias,"PSC 8464, Box 9033, APO AP 48885",+234-00957118856,Greg.Matthias@example.com,1974-09-07,M,F
GM-14695,Greg,Maxwell,"27149 Mcdaniel Pine, Lisamouth, LA 49983",+234-00280032144,Greg.Maxwell@example.com,1997-12-09,M,M
GM-4440,Jonathan,Hill,"435 Barron Junctions, Thomasview, NE 00625",+234-00809822583,Jonathan.Hill@example.com,1975-12-23,M,F
GM-4455,Ashlee,Andersen,"706 Hurley Square Apt. 781, Newtonburgh, UT 40672",+234-00603875651,Ashlee.Andersen@example.com,1991-10-28,M,F
GM-4500,Gene,Mcclure,"424 Thompson Hill, Barkershire, NE 60630",+234-00126603940,Gene.Mcclure@example.com,1996-12-14,M,F
GM-4680,Greg,Matthias,"30776 Thompson Vista, New Rachelhaven, ME 63301",+234-00578940920,Greg.Matthias@example.com,1970-12-07,M,F
GM-4695,Amanda,Rivera,"7590 Goodwin Walks Apt. 753, Rickymouth, NH 99447",+234-00781174284,Amanda.Rivera@example.com,1995-06-15,M,M
GP-14740,Guy,Phonely,"272 Doyle Meadows, Port Mariachester, UT 81273",+234-00421824577,Guy.Phonely@example.com,1973-02-09,M,M
GP-4740,Guy,Phonely,"20758 Taylor Plains, Daisyside, KS 31463",+234-00913379909,Guy.Phonely@example.com,1979-05-03,NULL,M
GR-14560,Georgia,Rosenberg,"239 Tyrone Squares, North Traceymouth, NJ 03700",+234-00884382804,Georgia.Rosenberg@example.com,1999-07-06,S,M
GR-4560,Georgia,Rosenberg,"656 Burns Branch Suite 319, Kennethville, CO 48131",+234-00501424629,Georgia.Rosenberg@example.com,1972-11-04,M,F
GT-14635,Grant,Thornton,"5830 Scott Estate Apt. 417, Phillipmouth, PW 37382",+234-00425177352,Grant.Thornton@example.com,1997-06-02,M,F
GT-14710,Greg,Tran,"7357 Debbie Walk Apt. 680, Nguyenhaven, VI 24123",+234-00212177392,Greg.Tran@example.com,1970-07-05,M,M
GT-14755,Guy,Thornton,"1440 Dennis Mission, Juanberg, IA 50277",+234-00966234125,Guy.Thornton@example.com,1976-01-12,S,F
GT-4635,Edgar,Sara,"Unit 5122 Box 1673, DPO AE 17935",+234-00276124447,Edgar.Sara@example.com,1975-03-23,S,F
GT-4710,Jose,Flores,"60479 Howard Drives Apt. 204, Rodneyside, GU 16767",+234-00781174284,Jose.Flores@example.com,1974-04-04,S,F
GT-4755,Guy,Thornton,"8330 Kristin Roads, Heidiland, ND 79155",+234-00482135377,Guy.Thornton@example.com,1973-09-08,M,M
GW-14605,Giulietta,Weimer,"Unit 5533 Box 5892, DPO AA 68353",+234-00714707964,Giulietta.Weimer@example.com,1994-09-01,S,F
GW-4605,Giulietta,Weimer,"78246 Cruz Orchard Suite 993, Randystad, WY 46760",+234-00849081494,Giulietta.Weimer@example.com,1976-02-05,S,F
GZ-14470,Gary,Zandusky,"8647 Warren Glen, Alvinshire, VI 40443",+234-00649036351,Gary.Zandusky@example.com,1974-03-04,M,F
GZ-14545,George,Zrebassa,"1825 Lisa Junctions, East Frankland, NJ 23151",+234-00385734277,George.Zrebassa@example.com,1978-11-06,S,F
GZ-4470,Gary,Zandusky,"30768 Thompson Vista, New Rachelhaven, ME 63301",+234-00820315493,Gary.Zandusky@example.com,1999-02-09,M,M
GZ-4545,George,Zrebassa,"81268 Luis Street, Lake Cathyland, WA 59519",+234-00926779653,George.Zrebassa@example.com,1990-11-01,S,NA
HA-14905,Helen,Abelman,"3271 Julian Heights, Port Robertshire, DC 69927",+234-00551522922,Helen.Abelman@example.com,1978-05-05,M,F
HA-14920,Helen,Andreada,"87079 Dwayne Walk Suite 236, Perezborough, CT 76146",+234-00620385424,Helen.Andreada@example.com,NULL,M,F
HA-4905,Marco,Mehta,"94308 Robert Light Apt. 356, West Jennifermouth, ND 68276",+234-00149836096,Marco.Mehta@example.com,1994-06-19,S,M
HA-4920,Evan,James,"383 Michael Center Suite 129, Port Adamborough, ID 95950",+234-00990238153,Evan.James@example.com,1994-03-05,M,M
HD-14785,Harold,Dahlen,"37175 Carol Ramp, Hopkinsland, AL 63062",+234-00597455557,Harold.Dahlen@example.com,1997-02-05,S,M
HD-4785,Harold,Dahlen,"7589 Goodwin Walks Apt. 753, Rickymouth, NH 99447",+234-00822658424,Harold.Dahlen@example.com,1993-03-15,M,F
HE-14800,Harold,Engle,"676 Melissa Islands, Meghanland, MA 93327",+234-00423436449,Harold.Engle@example.com,NULL,S,F
HE-4800,Harold,Engle,"422 Thompson Hill, Barkershire, NE 60630",+234-00219602225,Harold.Engle@example.com,1970-03-15,S,M
HF-14995,Herbert,Flentye,"26120 Moore Cliffs Apt. 797, North Patricia, MS 22733",+234-00556650542,Herbert.Flentye@example.com,1996-10-07,NULL,M
HF-4995,Jessie,Zhao,"6366 Curtis Radial Apt. 095, Perkinsborough, MS 65330",+234-00371918403,Jessie.Zhao@example.com,1998-07-17,S,F
HG-14845,Harry,Greene,"USCGC Arellano, FPO AE 87729",+234-00730231460,Harry.Greene@example.com,1976-09-05,S,M
HG-14965,Henry,Goldwyn,"1969 Shaw View Apt. 868, Nguyenberg, OH 02245",+234-00411743459,Henry.Goldwyn@example.com,1972-06-01,NULL,M
HG-15025,Hunter,Glantz,"4426 Mccullough Springs Apt. 975, New Thomas, AK 48501",+234-00545643261,Hunter.Glantz@example.com,1971-06-07,S,M
HG-4845,Harry,Greene,"516 Sonya Locks, Millertown, NJ 06289",+234-00578940920,Harry.Greene@example.com,1970-08-10,M,F
HG-4965,Xavier,Long,"49 Allison Burgs, Lukeshire, IA 99448",+234-00249943349,Xavier.Long@example.com,1989-02-02,M,M
HG-5025,Hunter,Glantz,"384 Michael Center Suite 129, Port Adamborough, ID 95950",+234-00249943349,Hunter.Glantz@example.com,1997-07-22,S,F
HH-15010,Hilary,Holden,"03015 Lane Roads Suite 073, Meganchester, PA 90487",+234-00539085809,Hilary.Holden@example.com,1980-08-08,M,F
HH-5010,Hilary,Holden,"5154 Jerry Valleys, South Chadshire, WV 74927",+234-00370857244,Hilary.Holden@example.com,1971-04-03,M,M
HJ-14875,Heather,Jas,"2608 David Square, Melindaview, RI 63845",+234-00608002637,Heather.Jas@example.com,1999-09-03,S,F
HJ-4875,Donald,Gonzalez,"20199 John Squares Apt. 274, South Natalie, NE 63942",+234-00820315493,Donald.Gonzalez@example.com,1973-10-01,M,F
HK-14890,Heather,Kirkland,"750 Tyler Dam Suite 734, Arnoldshire, CO 10724",+234-00764045692,Heather.Kirkland@example.com,1979-02-07,S,F
HK-4890,Heather,Kirkland,"20196 John Squares Apt. 274, South Natalie, NE 63942",+234-00978932461,Heather.Kirkland@example.com,1975-01-06,S,F
HL-15040,Hunter,Lopez,"8480 Morrow Ranch, Yatesport, PW 93608",+234-00244477922,Hunter.Lopez@example.com,1974-03-01,S,M
HL-5040,Carson,Bryant,"Unit 5122 Box 1673, DPO AE 17939",+234-00678139616,Carson.Bryant@example.com,1974-01-23,M,F
HM-14860,Harry,Marie,"0781 Perez Center, Port Timothyfort, OK 82579",+234-00849494422,Harry.Marie@example.com,1998-11-04,M,M
HM-14980,Henry,Macallister,"79401 John Fords Suite 866, Karenport, MP 89522",+234-00678139616,Henry.Macallister@example.com,1997-06-06,M,M
HM-4860,Shaun,Carson,"Unit 5122 Box 1673, DPO AE 17936",+234-00238813905,Shaun.Carson@example.com,1995-07-25,M,M
HM-4980,Henry,Macallister,"4623 Stacy Highway Suite 777, North Jacobhaven, DE 34749",+234-00294320382,Henry.Macallister@example.com,1995-06-10,M,M
HP-14815,Harold,Pawlan,"4616 Black Mall, Dianachester, UT 03332",+234-00989781402,Harold.Pawlan@example.com,1973-07-03,S,F
HP-4815,Harold,Pawlan,"54930 Sanders Garden Apt. 606, Lake Darrenhaven, SC 21038",+234-00847353681,Harold.Pawlan@example.com,1971-01-09,M,F
HR-14770,Hallie,Redmond,"5980 Rodriguez Extension, Camposmouth, DE 36088",+234-00269514320,Hallie.Redmond@example.com,1978-10-02,M,F
HR-14830,Harold,Ryan,"067 Williams Drives Apt. 891, East Matthewburgh, FL 05444",+234-00126041413,Harold.Ryan@example.com,1975-10-05,M,F
HR-4770,Hallie,Redmond,"4560 Laura Plains, Loweside, NJ 90836",+234-00583604056,Hallie.Redmond@example.com,1973-03-11,S,F
HR-4830,Marshall,Chavez,"4568 Laura Plains, Loweside, NJ 90836",+234-00423994031,Marshall.Chavez@example.com,1973-03-09,M,M
HW-14935,Helen,Wasserman,"USNS Adams, FPO AP 79908",+234-00955689591,Helen.Wasserman@example.com,1976-10-10,M,M
HW-4935,Shannon,Wang,"704 Hurley Square Apt. 781, Newtonburgh, UT 40672",+234-00578940920,Shannon.Wang@example.com,1991-02-15,M,F
HZ-14950,Henia,Zydlo,"990 Ramos Garden, South Brian, IA 33480",+234-00804025483,Henia.Zydlo@example.com,1978-08-02,S,F
HZ-4950,Henia,Zydlo,"970 Matthew Viaduct Apt. 629, Ryanborough, PW 87368",+234-00236226577,Henia.Zydlo@example.com,1999-02-02,M,F
IG-15085,Ivan,Gibson,"26916 Dean Harbors, Marymouth, VA 00991",NULL,Ivan.Gibson@example.com,1996-06-02,S,M
IG-5085,Ivan,Gibson,"862 Torres Spur Apt. 947, Jeffreyfurt, GA 78067",+234-00351257093,Ivan.Gibson@example.com,1979-09-03,S,F
IL-15100,Ivan,Liston,"46619 Lee Fort, Port Barbaraville, SC 10615",+234-00400130995,Ivan.Liston@example.com,1991-06-12,S,M
IL-5100,Ashley,Henderson,"6365 Curtis Radial Apt. 095, Perkinsborough, MS 65330",+234-00637142888,Ashley.Henderson@example.com,1976-02-06,M,M
IM-15055,Ionia,Mcgrath,"3164 Brooks Overpass Apt. 305, Hoodtown, PA 27438",+234-00145714235,Ionia.Mcgrath@example.com,1971-04-02,S,M
IM-15070,Irene,Maddox,"95259 James Highway Suite 883, Thomasbury, IL 04117",+234-00159031029,Irene.Maddox@example.com,1998-12-06,S,M
IM-5055,Ionia,Mcgrath,"PSC 8906, Box 6558, APO AA 65588",+234-00462527438,Ionia.Mcgrath@example.com,1979-03-04,M,F
IM-5070,Amanda,Foster,"1347 Boyd Square Apt. 193, Jasonbury, WV 17185",+234-00264581441,Amanda.Foster@example.com,1972-09-26,M,M
JA-15970,Joseph,Airdo,"02844 Gilmore Ports, Torreshaven, MT 94801",+234-00112899610,Joseph.Airdo@example.com,1993-02-05,M,M
JA-5970,Devin,Martin,"54934 Sanders Garden Apt. 606, Lake Darrenhaven, SC 21038",+234-00406146043,Devin.Martin@example.com,1974-04-06,S,M
JB-15400,Jennifer,Braxton,"830 Golden Viaduct Suite 816, Erikside, ME 83640",+234-00211906393,Jennifer.Braxton@example.com,NULL,S,F
JB-15925,Joni,Blumstein,"0891 Kathryn Lakes, Michaelton, AS 47555",+234-00209147963,Joni.Blumstein@example.com,1993-01-03,M,M
JB-16000,Joy,Bell-,"0320 Ferguson Light, Hansonville, KS 23142",+234-00637242204,Joy.Bell-@example.com,1998-11-04,M,F
JB-16045,Julia,Barnett,"256 Loretta Center Apt. 394, Hansonville, CO 76687",+234-00312787425,Julia.Barnett@example.com,1972-01-04,S,F
JB-5400,Jennifer,Braxton,"8556 Todd Centers, Jenniferland, UT 21921",+234-00770786682,Jennifer.Braxton@example.com,1977-12-01,S,M
JB-5925,Theodore,Gill,"148 Cox Trail Suite 188, Josephland, VA 78177",+234-00302674667,Theodore.Gill@example.com,1999-04-10,M,M
JB-6000,Sydney,Bennett,"30774 Thompson Vista, New Rachelhaven, ME 63301",+234-00264581441,Sydney.Bennett@example.com,1993-05-03,M,F
JB-6045,Julia,Barnett,"USCGC Johnson, FPO AE 71927",+234-00115425580,Julia.Barnett@example.com,1980-04-12,S,F
JC-15340,Jasper,Cacioppo,"6786 Hicks Harbor Apt. 277, New Derekchester, PR 89051",+234-00191835611,Jasper.Cacioppo@example.com,1970-08-04,M,F
JC-15385,Jenna,Caffey,"139 White Road Suite 768, Skinnerfurt, PW 28931",+234-00895119292,Jenna.Caffey@example.com,1989-09-11,M,M
JC-15775,John,Castell,"6578 Natalie Roads Apt. 992, Nicholsonton, AL 17842",+234-00414890826,John.Castell@example.com,1970-04-12,S,M
JC-16105,Julie,Creighton,"627 Alvarado Vista, Bellville, MN 10720",+234-00946825484,Julie.Creighton@example.com,1976-12-01,M,M
JC-5340,Russell,Shen,"434 Barron Junctions, Thomasview, NE 00625",+234-00847353681,Russell.Shen@example.com,1999-08-16,M,M
JC-5385,Jenna,Caffey,"54928 Sanders Garden Apt. 606, Lake Darrenhaven, SC 21038",+234-00570260442,Jenna.Caffey@example.com,1974-02-06,S,F
JC-5775,John,Castell,"5456 Cruz Forest, South Glenn, TN 39343",+234-00430344774,John.Castell@example.com,1976-03-01,S,F
JC-6105,Julie,Creighton,"8792 Blake Run, East Madison, WI 78105",+234-00644070278,Julie.Creighton@example.com,1993-03-12,S,F
JD-15790,John,Dryer,"061 Johnny Fords, Tonibury, AZ 97362",+234-00133025617,John.Dryer@example.com,1996-09-11,S,F
JD-15895,Jonathan,Doherty,"220 Cunningham Underpass, Pachecoborough, PR 69168",+234-00173925981,Jonathan.Doherty@example.com,1998-02-02,M,F
JD-16015,Joy,Daniels,"USS Taylor, FPO AE 75798",+234-00841936171,Joy.Daniels@example.com,1971-06-09,M,M
JD-16060,Julia,Dunbar,"5790 Robinson Drive Apt. 107, East Jonathan, PW 03949",+234-00883640423,Julia.Dunbar@example.com,1972-11-02,M,M
JD-16150,Justin,Deggeller,"70589 Roberts Plains Apt. 306, West Jeffreystad, ID 88138",+234-00216304458,Justin.Deggeller@example.com,1977-11-08,S,M
JD-5790,John,Dryer,"427 Thompson Hill, Barkershire, NE 60630",+234-00320944023,John.Dryer@example.com,1970-12-17,S,M
JD-5895,Jonathan,Doherty,"9390 Owens Squares Suite 721, Port Charles, DE 01391",+234-00901786528,Jonathan.Doherty@example.com,1994-10-27,S,F
JD-6015,Joy,Daniels,"48926 Thomas Points, West Robertland, CT 54786",+234-00788340858,Joy.Daniels@example.com,1996-02-17,S,M
JD-6060,Julia,Dunbar,"16779 Michelle Drive Apt. 026, Flowersfort, AR 08892",+234-00291552454,Julia.Dunbar@example.com,1976-12-03,S,M
JD-6150,Justin,Deggeller,"0215 Thomas Fall, North Darrellview, GA 37159",+234-00745033243,Justin.Deggeller@example.com,1979-03-01,S,F
JE-15475,Jeremy,Ellison,"019 Fernando Row Suite 440, New Ronald, MT 65539",+234-00708808713,Jeremy.Ellison@example.com,1971-05-10,M,F
JE-15610,Jim,Epp,"869 Zachary Turnpike Apt. 555, Marcusberg, MP 48649",+234-00996919216,Jim.Epp@example.com,1972-03-10,M,F
JE-15715,Joe,Elijah,"29390 Charles Cliffs Suite 821, Evanshaven, CT 48297",+234-00765354625,Joe.Elijah@example.com,1976-03-01,S,M
JE-15745,Joel,Eaton,"096 Nancy Forge Suite 303, South Matthewfort, MS 69971",+234-00651173287,Joel.Eaton@example.com,1996-02-03,M,M
JE-16165,Justin,Ellison,"15375 Lowe View Suite 050, South Elizabeth, VI 69519",+234-00642376978,Justin.Ellison@example.com,NULL,S,F
JE-5475,Jeremy,Ellison,"7592 Goodwin Walks Apt. 753, Rickymouth, NH 99447",+234-00901786528,Jeremy.Ellison@example.com,1992-07-11,M,M
JE-5610,Hailey,Patterson,"1348 Boyd Square Apt. 193, Jasonbury, WV 17185",+234-00753221592,Hailey.Patterson@example.com,1999-03-02,S,M
JE-5715,Fernando,Barnes,"4563 Laura Plains, Loweside, NJ 90836",+234-00847378354,Fernando.Barnes@example.com,1970-08-06,M,F
JE-5745,Joel,Eaton,"60475 Howard Drives Apt. 204, Rodneyside, GU 16767",+234-00603875651,Joel.Eaton@example.com,1976-08-18,M,M
JE-6165,Justin,Ellison,"545 Hunter Mill Apt. 626, South Robertburgh, SC 58074",+234-00977436281,Justin.Ellison@example.com,1970-03-05,M,F
JF-15190,Jamie,Frazer,"USNV Rivera, FPO AE 50499",+234-00479671565,Jamie.Frazer@example.com,1996-05-10,S,M
JF-15295,Jason,Fortune-,"51811 Richard Gateway Suite 241, New Dennis, PA 52876",+234-00557169980,Jason.Fortune-@example.com,1990-05-02,S,F
JF-15355,Jay,Fein,"7651 Albert Cove, South Davidville, GA 29594",+234-00175907449,Jay.Fein@example.com,1979-05-10,M,F
JF-15415,Jennifer,Ferguson,"309 Leonard Mountain, Jenkinsport, CO 54688",+234-00687164896,Jennifer.Ferguson@example.com,1971-05-02,M,F
JF-15490,Jeremy,Farry,"436 Barron Junctions, Thomasview, NE 00625",+234-00250191472,Jeremy.Farry@example.com,1983-03-15,M,M
JF-15565,Jill,Fjeld,"130 Sarah Unions Suite 927, East Chase, IL 84246",+234-00861852201,Jill.Fjeld@example.com,1996-03-09,M,M
JF-5190,Jamie,Frazer,"15776 Mcgrath Isle Suite 226, Lake Kimberlystad, WI 49710",+234-00341049769,Jamie.Frazer@example.com,1975-09-04,S,F
JF-5295,Jason,Fortune-,"2034 Wilson Lodge, Lopezburgh, HI 02913",+234-00412203362,Jason.Fortune-@example.com,1972-08-10,S,M
JF-5355,Jay,Fein,"6365 Curtis Radial Apt. 095, Perkinsborough, MS 65330",+234-00603875651,Jay.Fein@example.com,1995-11-19,M,F
JF-5415,Jennifer,Ferguson,"619 Sanchez Circles Suite 058, Wolfberg, WV 97658",+234-00752445156,Jennifer.Ferguson@example.com,1970-07-09,M,F
JF-5490,Jeremy,Farry,"9388 Owens Squares Suite 721, Port Charles, DE 01391",+234-00563081378,Jeremy.Farry@example.com,1990-06-26,M,F
JF-5565,Jill,Fjeld,"Unit 5122 Box 1673, DPO AE 17941",+234-00603875651,Jill.Fjeld@example.com,1994-05-11,M,M
JG-15115,Jack,Garza,"4296 Mitchell Drive, North Cindyborough, WV 71699",+234-00712586425,Jack.Garza@example.com,1998-07-10,M,M
JG-15160,James,Galang,"USNS Erickson, FPO AP 82551",+234-00319630783,James.Galang@example.com,1996-12-11,M,F
JG-15310,Jason,Gross,"403 Raymond Stream, Port Sharonport, NM 69447",+234-00635425026,Jason.Gross@example.com,1995-05-03,S,F
JG-15805,John,Grady,"35449 Emily Garden Suite 251, East Todd, WI 83935",+234-00100936969,John.Grady@example.com,1991-06-08,M,M
JG-5115,Megan,Henderson,"7593 Goodwin Walks Apt. 753, Rickymouth, NH 99447",+234-00126603940,Megan.Henderson@example.com,1979-09-13,S,M
JG-5160,James,Galang,"145 Cox Trail Suite 188, Josephland, VA 78177",+234-00742024324,James.Galang@example.com,1979-05-02,S,F
JG-5310,Jason,Gross,"145 Hogan Trail, Kathrynport, ND 63712",+234-00238813905,Jason.Gross@example.com,1993-01-15,M,M
JG-5805,Kyle,Foster,"94308 Robert Light Apt. 356, West Jennifermouth, ND 68280",+234-00423994031,Kyle.Foster@example.com,1980-02-28,S,M
JH-15430,Jennifer,Halladay,"Unit 2754 Box 7731, DPO AA 87534",+234-00174517650,Jennifer.Halladay@example.com,1996-11-02,M,M
JH-15820,John,Huston,"902 Bryan Parks Suite 447, West Paulfort, DE 76580",+234-00863158826,John.Huston@example.com,1973-10-03,NULL,M
JH-15910,Jonathan,Howell,"8361 Moore Shoal, West Peterport, SD 73757",+234-00599152010,Jonathan.Howell@example.com,1973-04-12,M,M
JH-15985,Joseph,Holt,"408 Mendoza Meadows Apt. 311, West Gary, NC 33737",+234-00974705891,Joseph.Holt@example.com,1996-12-11,S,F
JH-16180,Justin,Hirsh,"74062 Nelson Fields, East James, VT 73985",+234-00405829757,Justin.Hirsh@example.com,1991-09-06,M,F
JH-5430,Maurice,Tang,"54933 Sanders Garden Apt. 606, Lake Darrenhaven, SC 21038",+234-00250191472,Maurice.Tang@example.com,1977-04-26,M,M
JH-5820,John,Huston,"0067 Smith Path, Lake Robert, OH 02151",+234-00435684968,John.Huston@example.com,1975-01-11,S,M
JH-5910,Jonathan,Howell,"98975 Brown Avenue, New Allisonbury, AK 20050",+234-00217849136,Jonathan.Howell@example.com,1971-04-11,M,M
JH-5985,Joseph,Holt,"702 Hurley Square Apt. 781, Newtonburgh, UT 40672",+234-00270217070,Joseph.Holt@example.com,1999-04-24,S,M
JH-6180,Justin,Hirsh,"384 Michael Center Suite 129, Port Adamborough, ID 95950",+234-00126603940,Justin.Hirsh@example.com,1999-03-17,M,F
JJ-15445,Jennifer,Jackson,"83025 Samantha Walk, South Catherinefurt, IA 44610",+234-00479727124,Jennifer.Jackson@example.com,1998-11-09,M,M
JJ-15760,Joel,Jenkins,"975 Riley Way Apt. 938, Christinaborough, KY 21896",+234-00751056619,Joel.Jenkins@example.com,1978-07-24,S,F
JJ-5445,Jennifer,Jackson,"1344 Boyd Square Apt. 193, Jasonbury, WV 17185",+234-00276124447,Jennifer.Jackson@example.com,1997-08-07,M,M
JJ-5760,Joel,Jenkins,"7591 Goodwin Walks Apt. 753, Rickymouth, NH 99447",+234-00138806509,Joel.Jenkins@example.com,1979-04-22,S,F
JK-15205,Jamie,Kunitz,"50202 Morales Groves Apt. 103, Petermouth, ID 79925",+234-00149836096,Jamie.Kunitz@example.com,1972-08-20,S,F
JK-15325,Jason,Klamczynski,"03322 James Roads, Port Michaelbury, NM 82597",+234-00423570050,Jason.Klamczynski@example.com,1977-02-12,M,M
JK-15370,Jay,Kimmel,"1296 Taylor Rue, New Laura, MT 90933",+234-00272987508,NULL,1971-06-02,M,M
JK-15625,Jim,Karlsson,"07402 Joshua Plaza, North Matthewside, WV 09809",+234-00461269704,Jim.Karlsson@example.com,1997-09-03,S,F
JK-15640,Jim,Kriz,"41892 Spencer Underpass Suite 219, Thomaston, AZ 12946",+234-00300157631,Jim.Kriz@example.com,1997-02-02,M,F
JK-15730,Joe,Kamberova,"7702 Dunn Turnpike, South Cameron, KS 65666",+234-00721069406,Joe.Kamberova@example.com,1987-08-09,S,F
JK-16090,Juliana,Krohn,"5394 Misty Via Suite 092, East Melissa, NM 40948",+234-00493618208,Juliana.Krohn@example.com,1971-01-02,M,M
JK-16120,Julie,Kriz,"57350 Little Radial Apt. 609, East David, KY 88932",+234-00870439514,Julie.Kriz@example.com,1999-09-11,M,M
JK-5205,Jamie,Kunitz,"433 Barron Junctions, Thomasview, NE 00625",+234-00678139616,Jamie.Kunitz@example.com,1994-02-26,M,F
JK-5325,Danielle,Cox,"47 Allison Burgs, Lukeshire, IA 99448",+234-00138806509,Danielle.Cox@example.com,1978-05-22,M,F
JK-5370,Jay,Kimmel,"438 Barron Junctions, Thomasview, NE 00625",+234-00871865370,Jay.Kimmel@example.com,1986-08-21,M,F
JK-5625,Jim,Karlsson,"90097 Ryan Mills, West Rodney, HI 82327",+234-00383604989,Jim.Karlsson@example.com,1978-03-18,S,M
JK-5640,Eduardo,Patterson,"44 Allison Burgs, Lukeshire, IA 99448",+234-00214466749,Eduardo.Patterson@example.com,1998-05-20,S,F
JK-5730,Joe,Kamberova,"52031 Hanna Fort Suite 695, Lisahaven, LA 23260",+234-00432617031,Joe.Kamberova@example.com,1971-04-10,NULL,F
JK-6090,Brianna,Hughes,"423 Thompson Hill, Barkershire, NE 60630",+234-00138806509,Brianna.Hughes@example.com,1977-02-23,M,F
JK-6120,Julie,Kriz,"0040 Allison Burgs, Lukeshire, IA 99448",+234-00556385322,Julie.Kriz@example.com,1972-07-17,M,M
JL-15130,Jack,Lebron,"82939 Adam Extensions, North Stephanieborough, MT 02579",+234-00799594686,Jack.Lebron@example.com,1978-11-01,M,F
JL-15175,James,Lanier,"Unit 3178 Box 1997, DPO AE 73060",+234-00406485437,James.Lanier@example.com,1998-11-02,M,F
JL-15235,Janet,Lee,"95423 Jose Green, Stephaniechester, NY 01952",+234-00776093733,Janet.Lee@example.com,1979-06-06,S,F
JL-15505,Jeremy,Lonsdale,"01997 Murphy Locks Apt. 278, Port Tristan, VT 68822",+234-00546444734,Jeremy.Lonsdale@example.com,1994-09-12,M,M
JL-15835,John,Lee,"749 Fernandez Radial Apt. 030, Allenbury, OK 11351",+234-00514535836,John.Lee@example.com,1991-06-02,S,M
JL-15850,John,Lucas,"5988 Sarah Ridge, South Richardfurt, AZ 03944",+234-00603815400,John.Lucas@example.com,1985-11-02,S,M
JL-5130,Jack,Lebron,"Unit 1254 Box 6672, DPO AE 51511",+234-00293205977,Jack.Lebron@example.com,NULL,S,F
JL-5175,James,Lanier,"140 Hogan Trail, Kathrynport, ND 63712",+234-00138806509,James.Lanier@example.com,1998-02-09,M,M
JL-5235,Janet,Lee,"706 Hurley Square Apt. 781, Newtonburgh, UT 40672",+234-00250191472,Janet.Lee@example.com,1970-07-27,S,F
JL-5505,Jeremy,Lonsdale,"19044 Sergio Stream, Rayside, AR 13135",+234-00849174948,Jeremy.Lonsdale@example.com,1972-06-06,M,M
JL-5835,John,Lee,"6111 Nelson Glens, South Jay, GU 19206",+234-00378944300,John.Lee@example.com,1997-07-07,S,M
JL-5850,John,Lucas,"701 Hurley Square Apt. 781, Newtonburgh, UT 40672",+234-00149836096,John.Lucas@example.com,1996-06-09,S,F
JM-15250,Janet,Martin,"5208 Jacobs Mountains Suite 576, Thorntonport, TX 53454",+234-00264609144,Janet.Martin@example.com,1978-07-01,M,F
JM-15265,Janet,Molinari,"275 Barker Curve Suite 917, Christineburgh, NJ 68060",+234-00499714832,Janet.Molinari@example.com,1970-04-07,M,F
JM-15535,Jessica,Myrick,"6364 Curtis Radial Apt. 095, Perkinsborough, MS 65330",+234-00423994031,Jessica.Myrick@example.com,1990-08-04,M,F
JM-15580,Jill,Matthias,"505 Green Glen Suite 288, New Jasonburgh, MT 75471",+234-00190344650,Jill.Matthias@example.com,1989-03-03,S,F
JM-15655,Jim,Mitchum,"87020 Nicholson Via, Mccallview, VA 27077",+234-00653135749,Jim.Mitchum@example.com,1981-04-04,S,M
JM-15865,John,Murray,"9628 Rose Overpass Apt. 491, Brianville, AS 08723",+234-00532989145,John.Murray@example.com,1978-05-02,S,M
JM-16195,Justin,Mackendrick,"2456 Vega Alley, Robinsonton, NY 29125",+234-00335596672,Justin.Mackendrick@example.com,1996-09-01,M,M
JM-5250,Janet,Martin,"423 Thompson Hill, Barkershire, NE 60630",+234-00820315493,Janet.Martin@example.com,1990-06-08,M,M
JM-5265,Willie,Raji,"94308 Robert Light Apt. 356, West Jennifermouth, ND 68279",+234-00556385322,Willie.Raji@example.com,1980-02-24,S,M
JM-5535,Johnathan,Vance,"145 Hogan Trail, Kathrynport, ND 63712",+234-00847378354,Johnathan.Vance@example.com,1990-09-07,M,F
JM-5580,Jill,Matthias,"6476 Micheal Roads, Ochoahaven, KY 40585",+234-00135351484,Jill.Matthias@example.com,1972-03-08,M,M
JM-5655,Jim,Mitchum,"395 Stacey Turnpike Suite 008, Smithhaven, KS 83465",+234-00113298237,Jim.Mitchum@example.com,1973-01-06,S,M
JM-5865,John,Murray,"147 Cox Trail Suite 188, Josephland, VA 78177",+234-00214466749,John.Murray@example.com,1994-06-26,S,M
JM-6195,Chloe,Campbell,"Unit 5122 Box 1673, DPO AE 17940",+234-00556385322,Chloe.Campbell@example.com,1977-08-25,S,NA
JO-15145,Jack,O'Briant,"Unit 2333 Box 3863, DPO AE 22203",+234-00219602225,Jack.O'Briant@example.com,1973-07-24,S,M
JO-15280,Jas,O'Carroll,"61200 Stevens Hollow Apt. 471, Jenniferhaven, NJ 19016",+234-00632818514,Jas.O'Carroll@example.com,1972-02-07,M,M
JO-15550,Jesus,Ocampo,"6366 Curtis Radial Apt. 095, Perkinsborough, MS 65330",+234-00137313993,Jesus.Ocampo@example.com,1996-09-15,S,F
JO-5145,Jack,O'Briant,"45 Allison Burgs, Lukeshire, IA 99448",+234-00822658424,Jack.O'Briant@example.com,1978-03-24,M,F
JO-5280,Jas,O'Carroll,"20193 John Squares Apt. 274, South Natalie, NE 63942",+234-00637142888,Jas.O'Carroll@example.com,1971-04-06,M,M
JO-5550,Jesus,Ocampo,"PSC 5170, Box 4915, APO AE 91741",+234-00742024324,Jesus.Ocampo@example.com,1997-01-12,M,F
JP-15460,Jennifer,Patt,"USNS Colon, FPO AA 17594",+234-00520883279,Jennifer.Patt@example.com,1980-11-02,S,F
JP-15520,Jeremy,Pistek,"1256 Myers Place, East Stacy, VT 42868",+234-00379686478,Jeremy.Pistek@example.com,1974-04-08,S,M
JP-16135,Julie,Prescott,"1345 Boyd Square Apt. 193, Jasonbury, WV 17185",+234-00238813905,Julie.Prescott@example.com,1999-05-16,S,F
JP-5460,Jennifer,Patt,"94308 Robert Light Apt. 356, West Jennifermouth, ND 68274",+234-00847378354,Jennifer.Patt@example.com,1998-11-12,M,M
JP-5520,Jeremy,Pistek,"4497 Smith Mill, South Teresa, NY 62989",+234-00458370735,Jeremy.Pistek@example.com,1979-09-04,S,M
JP-6135,Julie,Prescott,"9142 Deleon Island, Batesmouth, AR 91294",+234-00980255978,Julie.Prescott@example.com,1970-03-03,M,M
JR-15670,Jim,Radford,"1843 Kristy Vista Suite 224, Haysmouth, OR 18853",+234-00446774311,Jim.Radford@example.com,1977-04-03,S,F
JR-15700,Jocasta,Rupert,"6339 Harrison Highway, Burgessfurt, DC 72149",+234-00230673077,Jocasta.Rupert@example.com,1977-10-12,M,F
JR-16210,Justin,Ritter,"728 Thompson Neck Apt. 024, Andrewfort, ME 61426",+234-00791685486,Justin.Ritter@example.com,1976-05-02,S,M
JR-5670,Jim,Radford,"667 Ware Pike, North David, MP 96879",+234-00868875325,Jim.Radford@example.com,1970-08-01,M,F
JR-5700,Jaclyn,Lu,"48 Allison Burgs, Lukeshire, IA 99448",+234-00901786528,Jaclyn.Lu@example.com,1973-10-02,M,F
JR-6210,Clinton,Carlson,"421 Thompson Hill, Barkershire, NE 60630",+234-00978932461,Clinton.Carlson@example.com,1993-10-23,M,F
JS-15595,Jill,Stevenson,"645 Jones Ports, South Karen, AR 06650",+234-00506647841,Jill.Stevenson@example.com,1979-05-09,M,M
JS-15685,Jim,Sink,"6411 Rangel River Apt. 483, Port Phillip, OR 05777",+234-00633299214,Jim.Sink@example.com,1999-03-11,S,M
JS-15880,John,Stevenson,"23169 Elizabeth Mission Suite 191, Huffmanville, GU 63094",+234-00933860557,John.Stevenson@example.com,1973-12-07,M,M
JS-15940,Joni,Sundaresam,"94308 Robert Light Apt. 356, West Jennifermouth, ND 68275",+234-00783132095,Joni.Sundaresam@example.com,1990-06-09,M,F
JS-16030,Joy,Smith,"PSC 1166, Box 5439, APO AE 97783",+234-00401599364,Joy.Smith@example.com,1999-09-01,M,M
JS-5595,Alexandra,Rivera,"PSC 5170, Box 4915, APO AE 91743",+234-00137313993,Alexandra.Rivera@example.com,1999-11-24,M,M
JS-5685,Jim,Sink,"434 Barron Junctions, Thomasview, NE 00625",+234-00556385322,Jim.Sink@example.com,1999-11-13,S,M
JS-5880,John,Stevenson,"5882 Zuniga Skyway, East Jacquelineshire, NC 67129",+234-00902981755,John.Stevenson@example.com,1973-04-07,S,F
JS-5940,Joni,Sundaresam,"23281 Hogan Courts Suite 082, East George, MI 74586",+234-00556385322,Joni.Sundaresam@example.com,1977-09-24,S,M
JS-6030,Joy,Smith,"87193 Chambers Rue, New Ericfurt, MT 93130",+234-00449088931,Joy.Smith@example.com,1974-05-02,M,F
JW-15220,Jane,Waco,"470 Robbins Estates Suite 413, South Matthew, AR 53368",+234-00860188565,Jane.Waco@example.com,1979-09-05,S,M
JW-15955,Joni,Wasserman,"07127 Kimberly Grove, Port Christopherhaven, GU 49061",+234-00160836766,Joni.Wasserman@example.com,1970-05-04,S,F
JW-16075,Julia,West,"8683 Katie Locks Suite 810, South Michael, HI 61344",+234-00718356413,Julia.West@example.com,1984-03-03,S,M
JW-5220,Jane,Waco,"003 Young Villages Apt. 631, Sarahstad, MH 18301",+234-00399220252,Jane.Waco@example.com,1973-05-10,M,M
JW-5955,Trinity,Richardson,"707 Hurley Square Apt. 781, Newtonburgh, UT 40672",+234-00371918403,Trinity.Richardson@example.com,1992-02-18,M,F
JW-6075,Savannah,Baker,"1177 Lane Harbor, Lake Sarahbury, NY 37259",+234-00753221592,Savannah.Baker@example.com,1972-04-08,S,F
KA-16525,Kelly,Andreada,"88849 Little Parkway, East Johnstad, ID 59360",+234-00392182514,Kelly.Andreada@example.com,1996-11-07,S,M
KA-6525,Charles,Cook,"705 Hurley Square Apt. 781, Newtonburgh, UT 40672",+234-00809822583,Charles.Cook@example.com,1975-01-24,S,F
KB-16240,Karen,Bern,"06224 Frank Square Apt. 515, New Frederick, UT 66780",+234-00195759146,Karen.Bern@example.com,1996-10-05,M,NA
KB-16315,Karl,Braun,"5945 Steven Orchard Suite 988, Lake Tinaside, OH 41922",+234-00350598712,Karl.Braun@example.com,1978-09-04,S,M
KB-16405,Katrina,Bavinger,"67201 Sims Ramp, Greenberg, HI 57840",+234-00895598413,Katrina.Bavinger@example.com,1994-09-07,S,M
KB-16585,Ken,Black,"28909 Anthony Inlet Apt. 386, New Briannaburgh, IN 33233",+234-00729440979,Ken.Black@example.com,1995-06-04,M,F
KB-16600,Ken,Brennan,"399 Estrada Route, South Janet, DE 58490",+234-00134021793,Ken.Brennan@example.com,1996-12-11,M,M
KB-6240,Levi,Arun,"9396 Owens Squares Suite 721, Port Charles, DE 01391",+234-00270217070,Levi.Arun@example.com,1978-08-19,S,F
KB-6315,Karl,Braun,"PSC 4555, Box 6444, APO AP 82479",NULL,Karl.Braun@example.com,1996-07-08,M,M
KB-6405,Elizabeth,Jones,"60483 Howard Drives Apt. 204, Rodneyside, GU 16767",+234-00745919107,Elizabeth.Jones@example.com,1992-03-19,M,F
KB-6585,Jacqueline,Price,"30774 Thompson Vista, New Rachelhaven, ME 63301",+234-00149836096,Jacqueline.Price@example.com,1979-02-13,S,F
KB-6600,Felicia,Jimenez,"153 Cox Trail Suite 188, Josephland, VA 78177",+234-00745919107,Felicia.Jimenez@example.com,1974-03-07,S,M
KC-16255,Karen,Carlisle,"9779 Amy Divide Apt. 033, Port Brent, PA 36565",+234-00350919442,Karen.Carlisle@example.com,1979-02-05,M,M
KC-16540,Kelly,Collister,"123 Karen Ports Suite 274, Brendanberg, OH 86472",+234-00984520990,Kelly.Collister@example.com,1975-07-09,S,M
KC-16675,Kimberly,Carter,"9319 Curtis Summit, Port Rachel, LA 51003",+234-00945355535,Kimberly.Carter@example.com,1976-10-09,S,F
KC-6255,Karen,Carlisle,"23282 Hogan Courts Suite 082, East George, MI 74586",+234-00637142888,Karen.Carlisle@example.com,1994-08-24,M,M
KC-6540,Abby,Fernandez,"4567 Laura Plains, Loweside, NJ 90836",+234-00578940920,Abby.Fernandez@example.com,1972-11-20,M,M
KC-6675,Ashley,Jones,"388 Michael Center Suite 129, Port Adamborough, ID 95950",+234-00783132095,Ashley.Jones@example.com,1990-11-07,M,M
KD-16270,Karen,Daniels,"9386 Collins Locks, South Ryanshire, NH 72998",+234-00217315810,Karen.Daniels@example.com,1973-03-07,M,M
KD-16345,Katherine,Ducich,"Unit 2467 Box 4811, DPO AA 75300",+234-00761306877,Katherine.Ducich@example.com,1970-11-04,S,M
KD-16495,Keith,Dawkins,"5160 Martin Burgs Suite 762, Clintonmouth, GA 83847",+234-00627338865,Keith.Dawkins@example.com,1971-06-08,M,M
KD-16615,Ken,Dana,"858 Bass Brooks Suite 313, Novakport, GU 40552",+234-00708425466,Ken.Dana@example.com,1975-06-12,S,F
KD-6270,Karen,Daniels,"20191 John Squares Apt. 274, South Natalie, NE 63942",+234-00678139616,Karen.Daniels@example.com,1972-09-20,M,F
KD-6345,Luis,Wang,"703 Hurley Square Apt. 781, Newtonburgh, UT 40672",+234-00753221592,Luis.Wang@example.com,1974-09-07,S,M
KD-6495,Keith,Dawkins,"148 Cox Trail Suite 188, Josephland, VA 78177",+234-00871865370,Keith.Dawkins@example.com,1970-09-26,S,M
KD-6615,Tristan,Alexander,"54937 Sanders Garden Apt. 606, Lake Darrenhaven, SC 21038",+234-00138802156,Tristan.Alexander@example.com,1988-09-12,M,M
KE-16420,Katrina,Edelman,"2677 Tiffany Turnpike Apt. 740, Davidsonberg, GA 48219",+234-00495136015,Katrina.Edelman@example.com,1994-01-03,M,F
KE-6420,Katrina,Edelman,"6360 Curtis Radial Apt. 095, Perkinsborough, MS 65330",+234-00783132095,Katrina.Edelman@example.com,1988-02-02,M,M
KF-16285,Karen,Ferguson,"6309 Chang Summit, Morganburgh, AZ 22438",+234-00449852225,Karen.Ferguson@example.com,1981-07-06,M,M
KF-6285,Elizabeth,Johnson,"46 Allison Burgs, Lukeshire, IA 99448",+234-00219602225,Elizabeth.Johnson@example.com,1994-10-05,S,M
KH-16330,Katharine,Harms,"9247 Cristina Dale Apt. 438, Latoyafurt, MA 05797",+234-00236980227,Katharine.Harms@example.com,1976-04-12,S,F
KH-16360,Katherine,Hughes,"53030 Joanna Mission Suite 519, Codystad, MI 63890",+234-00558234915,Katherine.Hughes@example.com,1980-06-12,M,M
KH-16510,Keith,Herrera,"83525 Alicia Fords, North Kristinburgh, NJ 78326",+234-00140930491,Keith.Herrera@example.com,1971-08-07,S,F
KH-16630,Ken,Heidel,"1168 Lane Harbor, Lake Sarahbury, NY 37259",+234-00781174284,Ken.Heidel@example.com,1980-08-02,M,M
KH-16690,Kristen,Hastings,"PSC 4602, Box 1589, APO AP 09649",+234-00821554378,Kristen.Hastings@example.com,1977-05-06,M,F
KH-6330,Michele,Nath,"30776 Thompson Vista, New Rachelhaven, ME 63301",+234-00847353681,Michele.Nath@example.com,1971-04-01,M,F
KH-6360,Katherine,Hughes,"670 Alan Drive Suite 147, Williammouth, CA 67772",+234-00746055541,Katherine.Hughes@example.com,1997-04-04,M,F
KH-6510,Jon,Zhou,"1176 Lane Harbor, Lake Sarahbury, NY 37259",+234-00264581441,Jon.Zhou@example.com,1992-02-12,M,M
KH-6630,Ken,Heidel,"425 Rebecca Parks Suite 241, Taylorborough, NC 44402",+234-00881823022,Ken.Heidel@example.com,1977-06-09,M,F
KH-6690,Kristen,Hastings,"7592 Goodwin Walks Apt. 753, Rickymouth, NH 99447",+234-00224195817,Kristen.Hastings@example.com,1995-05-21,S,F
KL-16555,Kelly,Lampkin,"5298 Gonzales Manor, Andersonberg, VA 08694",+234-00188256579,Kelly.Lampkin@example.com,1977-03-04,S,M
KL-16645,Ken,Lonsdale,"3420 Diaz Rapid, New Christopher, SC 42058",+234-00576916500,Ken.Lonsdale@example.com,1994-10-11,M,M
KL-6555,Kelly,Lampkin,"22913 Steven Trafficway Suite 642, North Cindytown, AL 71467",+234-00117163013,Kelly.Lampkin@example.com,1978-11-13,S,M
KL-6645,Ken,Lonsdale,"60480 Howard Drives Apt. 204, Rodneyside, GU 16767",+234-00990238153,Ken.Lonsdale@example.com,1975-10-04,M,M
KM-16225,Kalyca,Meade,"64429 Judith Squares Apt. 228, Sandrachester, HI 74859",+234-00610398192,Kalyca.Meade@example.com,1996-03-09,M,M
KM-16375,Katherine,Murray,"369 Kimberly Gateway, East Stevenbury, CO 99832",+234-00709318373,Katherine.Murray@example.com,1979-01-06,S,F
KM-16660,Khloe,Miller,"91978 Donaldson Trafficway Apt. 602, Martinezfort, HI 02806",+234-00702766944,Khloe.Miller@example.com,1996-02-01,S,F
KM-16720,Kunst,Miller,"19390 Adkins Row, Lake Elizabeth, SC 80107",+234-00498874236,Kunst.Miller@example.com,NULL,S,F
KM-6225,Kalyca,Meade,"437 Barron Junctions, Thomasview, NE 00625",+234-00406146043,Kalyca.Meade@example.com,1973-11-24,S,F
KM-6375,Katherine,Murray,"07620 Michael Mount Suite 269, Port Davidville, MS 63108",+234-00120856866,Katherine.Murray@example.com,1994-10-12,M,M
KM-6660,Katelyn,Hernandez,"Unit 5122 Box 1673, DPO AE 17942",+234-00250191472,Katelyn.Hernandez@example.com,1990-01-01,M,F
KM-6720,Kunst,Miller,"513 Cheryl Light Suite 660, Hendrixberg, CA 02063",+234-00180019134,NULL,1996-02-06,S,M
KN-16390,Katherine,Nockton,"2814 Regina Turnpike Apt. 689, West Donnatown, TN 74638",+234-00325106321,Katherine.Nockton@example.com,1971-08-01,M,M
KN-16450,Kean,Nguyen,"8677 Thomas Manors, Graybury, IL 39567",+234-00965267942,Kean.Nguyen@example.com,1979-11-01,M,NA
KN-16705,Kristina,Nunn,"38440 Jose Vista Apt. 630, Vegatown, CT 98104",+234-00214466749,Kristina.Nunn@example.com,1997-02-27,M,F
KN-6390,Mason,Roberts,"1173 Lane Harbor, Lake Sarahbury, NY 37259",+234-00391097172,Mason.Roberts@example.com,1974-03-06,S,M
KN-6450,Kean,Nguyen,"PSC 5170, Box 4915, APO AE 91743",+234-00214466749,Kean.Nguyen@example.com,1972-09-21,S,M
KN-6705,Kristina,Nunn,"PSC 4825, Box 7837, APO AA 10152",+234-00108081922,Kristina.Nunn@example.com,1978-04-03,M,F
KS-16300,Karen,Seio,"568 Hughes Meadows Apt. 632, New Gina, OR 92886",+234-00685420941,Karen.Seio@example.com,1970-07-12,M,F
KS-6300,Bianca,Lin,"432 Barron Junctions, Thomasview, NE 00625",+234-00264581441,Bianca.Lin@example.com,1980-10-20,M,F
KT-16465,Kean,Takahito,"52509 Ayala Fork, Lopezberg, TX 24105",+234-00178592989,Kean.Takahito@example.com,1972-02-02,S,M
KT-16480,Kean,Thornton,"Unit 4076 Box 5145, DPO AE 30040",+234-00567521089,Kean.Thornton@example.com,1972-07-07,NULL,F
KT-6465,Kean,Takahito,"60478 Howard Drives Apt. 204, Rodneyside, GU 16767",+234-00978932461,Kean.Takahito@example.com,1970-04-23,M,F
KT-6480,Kean,Thornton,"94308 Robert Light Apt. 356, West Jennifermouth, ND 68274",+234-00276124447,Kean.Thornton@example.com,1970-06-13,M,M
KW-16435,Katrina,Willman,"537 Eric Forest, Port Matthew, DE 31209",+234-00385615926,Katrina.Willman@example.com,1997-01-11,M,F
KW-16570,Kelly,Williams,"007 William Squares, Mitchellport, PA 39132",+234-00534438591,Kelly.Williams@example.com,1994-09-23,S,M
KW-6435,Cindy,Sanchez,"1351 Boyd Square Apt. 193, Jasonbury, WV 17185",+234-00742024324,Cindy.Sanchez@example.com,1971-05-03,S,M
KW-6570,Kelly,Williams,"53590 Lewis Hill, Wagnerstad, GU 73952",+234-00585503494,Kelly.Williams@example.com,1995-09-12,S,F
LA-16780,Laura,Armstrong,"567 Richardson Terrace, West Derrick, MI 36294",+234-00941964067,Laura.Armstrong@example.com,1992-04-08,S,F
LA-6780,Laura,Armstrong,"435 Barron Junctions, Thomasview, NE 00625",+234-00637142888,Laura.Armstrong@example.com,1991-01-27,M,F
LB-16735,Larry,Blacks,"PSC 7396, Box 0264, APO AA 79242",+234-00981790096,Larry.Blacks@example.com,1970-02-08,S,F
LB-16795,Laurel,Beltran,"889 Brewer Green, Zimmermanside, WI 60671",+234-00390933935,Laurel.Beltran@example.com,1990-05-12,M,M
LB-6735,Larry,Blacks,"421 Thompson Hill, Barkershire, NE 60630",+234-00822658424,Larry.Blacks@example.com,1979-02-04,S,M
LB-6795,Laurel,Beltran,"1172 Lane Harbor, Lake Sarahbury, NY 37259",+234-00583604056,Laurel.Beltran@example.com,1970-06-08,M,F
LC-16870,Lena,Cacioppo,"Unit 3289 Box 0949, DPO AE 94514",+234-00881013190,Lena.Cacioppo@example.com,1995-11-01,M,F
LC-16885,Lena,Creighton,"0743 Ramirez Causeway, Wilkinsmouth, MH 92185",+234-00476854371,Lena.Creighton@example.com,1971-09-03,NULL,M
LC-16930,Linda,Cazamias,"5835 Anthony Heights, North Walterborough, VT 28002",+234-00130424716,Linda.Cazamias@example.com,1971-05-11,S,M
LC-16960,Lindsay,Castell,"69131 Timothy Mount, North Danielletown, NH 07499",+234-00432475741,Lindsay.Castell@example.com,1998-10-04,M,M
LC-17050,Liz,Carlisle,"0240 Stephanie Center Suite 535, South Tammyfurt, NE 17869",+234-00615834553,Liz.Carlisle@example.com,1970-10-07,M,M
LC-17140,Logan,Currie,"569 Brooks Corner Suite 456, South Ryan, MN 82052",+234-00905876008,Logan.Currie@example.com,1998-05-10,M,F
LC-6870,Lena,Cacioppo,"433 Barron Junctions, Thomasview, NE 00625",+234-00319494202,Lena.Cacioppo@example.com,1993-02-26,S,M
LC-6885,Lena,Creighton,"5376 Hannah Orchard Suite 137, Ginaborough, PA 94262",+234-00319494202,Lena.Creighton@example.com,1999-05-23,M,F
LC-6930,Linda,Cazamias,"6710 Dean Stream Suite 335, East Ryantown, PW 58411",+234-00352978009,Linda.Cazamias@example.com,1979-03-11,M,M
LC-6960,Lindsay,Castell,"33968 Sandra Extension Suite 696, Moorebury, FL 83434",+234-00570561589,Lindsay.Castell@example.com,1979-10-25,S,M
LC-7050,Liz,Carlisle,"0445 Higgins Spurs Suite 675, Austinside, NV 87184",+234-00219544079,Liz.Carlisle@example.com,1997-05-03,M,M
LC-7140,Logan,Currie,"7593 Goodwin Walks Apt. 753, Rickymouth, NH 99447",+234-00583604056,Logan.Currie@example.com,1975-09-20,S,F
LD-16855,Lela,Donovan,"94052 John Ports Apt. 177, Lake Phillipside, MT 56590",+234-00270788756,Lela.Donovan@example.com,1974-04-01,S,F
LD-17005,Lisa,Decherney,"258 Eric Circles, West Robert, MI 22710",+234-00120623709,Lisa.Decherney@example.com,1987-05-02,M,M
LD-6855,Lela,Donovan,"5169 Gloria Key, East Carol, FM 53524",+234-00317729412,Lela.Donovan@example.com,1997-10-03,M,F
LD-7005,Cindy,Patel,"4569 Laura Plains, Loweside, NJ 90836",+234-00603875651,Cindy.Patel@example.com,1988-09-23,M,F
LE-16810,Laurel,Elliston,"PSC 5170, Box 4915, APO AE 91739",+234-00847353681,Laurel.Elliston@example.com,1996-02-28,M,F
LE-6810,Leonard,Nara,"4568 Laura Plains, Loweside, NJ 90836",+234-00637142888,Leonard.Nara@example.com,1974-07-26,S,F
LF-17185,Luke,Foster,"8117 Christopher Village Suite 205, Jonesland, WY 16815",+234-00670327830,Luke.Foster@example.com,1990-06-09,M,M
LF-7185,Jasmine,Taylor,"1344 Boyd Square Apt. 193, Jasonbury, WV 17185",+234-00433756456,Jasmine.Taylor@example.com,1997-05-22,M,M
LH-16750,Larry,Hughes,"5478 Moreno Route, South Richardmouth, SD 46226",+234-00409877801,Larry.Hughes@example.com,1994-09-08,S,F
LH-16900,Lena,Hernandez,"02184 Murray Drive Apt. 863, Brooksfort, AR 77188",+234-00152550017,Lena.Hernandez@example.com,1974-04-08,M,M
LH-17020,Lisa,Hazard,"985 Butler Forest, Debbieshire, VT 72161",+234-00698115758,Lisa.Hazard@example.com,1975-07-01,S,M
LH-17155,Logan,Haushalter,"8985 Miller Knoll, Lake Christopherville, NH 94326",+234-00730705311,Logan.Haushalter@example.com,1996-09-01,M,M
LH-6750,Carolyn,Navarro,"6368 Curtis Radial Apt. 095, Perkinsborough, MS 65330",+234-00978932461,Carolyn.Navarro@example.com,1980-03-28,S,F
LH-6900,Philip,Alvarez,"94308 Robert Light Apt. 356, West Jennifermouth, ND 68273",+234-00745919107,Philip.Alvarez@example.com,1995-02-07,M,M
LH-7020,Lisa,Hazard,"30773 Thompson Vista, New Rachelhaven, ME 63301",+234-00724594895,Lisa.Hazard@example.com,1991-06-01,M,M
LH-7155,Logan,Haushalter,"138 Hogan Trail, Kathrynport, ND 63712",+234-00978932461,Logan.Haushalter@example.com,1977-09-14,S,M
LL-16840,Lauren,Leatherbury,"6617 Garrett Junction, Shawland, NC 93589",+234-00653490920,Lauren.Leatherbury@example.com,1991-02-07,S,M
LL-6840,Lauren,Leatherbury,"USCGC Escobar, FPO AA 79705",+234-00331127368,Lauren.Leatherbury@example.com,1976-09-08,M,M
LM-17065,Liz,Mackendrick,"4856 Rivera Rapids, Kevinland, KY 76289",+234-00299714779,Liz.Mackendrick@example.com,1971-09-10,S,M
LM-7065,Liz,Mackendrick,"USNS Munoz, FPO AE 22997",+234-00785888571,Liz.Mackendrick@example.com,1974-08-01,M,M
LO-17170,Lori,Olson,"09142 Bryan Shoal Suite 487, Paulchester, DC 48037",+234-00622443009,Lori.Olson@example.com,1977-06-05,M,M
LO-7170,Lori,Olson,"USS Jones, FPO AP 35235",+234-00419106335,Lori.Olson@example.com,1997-07-01,M,F
LP-17080,Liz,Pelletier,"475 Walker Port Apt. 384, Dylanville, UT 34267",+234-00840140384,Liz.Pelletier@example.com,1985-09-10,M,M
LP-17095,Liz,Preis,"7093 Julie Creek Apt. 811, Reyeston, AR 19856",+234-00443699774,Liz.Preis@example.com,1997-11-05,S,M
LP-7080,Liz,Pelletier,"7589 Goodwin Walks Apt. 753, Rickymouth, NH 99447",+234-00978932461,Liz.Pelletier@example.com,1988-05-26,M,F
LP-7095,Liz,Preis,"60477 Howard Drives Apt. 204, Rodneyside, GU 16767",+234-00214466749,Liz.Preis@example.com,1971-05-05,M,F
LR-16915,Lena,Radford,"USNV Butler, FPO AA 94044",+234-00767493389,Lena.Radford@example.com,1997-02-01,S,M
LR-17035,Lisa,Ryan,"270 Nicholas Fort, New Markview, SC 98720",+234-00112449545,Lisa.Ryan@example.com,1976-12-05,M,M
LR-6915,Damien,Chander,"707 Hurley Square Apt. 781, Newtonburgh, UT 40672",+234-00137313993,Damien.Chander@example.com,1973-03-27,M,F
LR-7035,Lisa,Ryan,"9388 Owens Squares Suite 721, Port Charles, DE 01391",+234-00219602225,Lisa.Ryan@example.com,1979-05-26,S,M
LS-16945,Linda,Southworth,"84165 Eric Mills Suite 909, South George, MI 19157",+234-00111480240,Linda.Southworth@example.com,1987-09-05,S,F
LS-16975,Lindsay,Shagiari,"6669 Julia Well, West Jonathanton, ND 95161",+234-00776960202,Lindsay.Shagiari@example.com,1994-08-08,M,M
LS-17200,Luke,Schmidt,"43860 Sharon Cove, Shannonbury, NJ 17983",+234-00404610249,Luke.Schmidt@example.com,1970-05-02,M,M
LS-17230,Lycoris,Saunders,"47180 Lindsey Inlet, Julieside, MP 77718",+234-00946660985,Lycoris.Saunders@example.com,1996-02-03,M,M
LS-17245,Lynn,Smith,"023 Green Terrace, Port Christopher, ME 21617",+234-00296690634,Lynn.Smith@example.com,1972-11-02,S,M
LS-6945,Linda,Southworth,"20193 John Squares Apt. 274, South Natalie, NE 63942",+234-00742024324,Linda.Southworth@example.com,1995-10-13,M,M
LS-6975,Katelyn,Carter,"428 Thompson Hill, Barkershire, NE 60630",+234-00238813905,Katelyn.Carter@example.com,1980-05-27,S,F
LS-7200,Adrian,Stewart,"48 Allison Burgs, Lukeshire, IA 99448",+234-00224195817,Adrian.Stewart@example.com,1972-06-15,M,F
LS-7230,Blake,Anderson,"439 Barron Junctions, Thomasview, NE 00625",+234-00822658424,Blake.Anderson@example.com,1974-02-17,M,M
LS-7245,Lynn,Smith,"28190 Ryan Pine Apt. 706, Port Ryan, NE 41716",+234-00318698899,Lynn.Smith@example.com,1974-02-07,S,M
LT-16765,Larry,Tron,"878 Jose Alley Suite 759, Lake Alexis, KS 84887",+234-00594465874,Larry.Tron@example.com,1977-08-06,S,M
LT-17110,Liz,Thompson,"9847 Christopher Court Suite 506, Lake Sabrinaland, PA 40882",+234-00530445447,Liz.Thompson@example.com,1977-11-03,M,M
LT-6765,Larry,Tron,"383 Michael Center Suite 129, Port Adamborough, ID 95950",+234-00820315493,Larry.Tron@example.com,1978-11-26,S,M
LT-7110,Liz,Thompson,"90980 Jesus Manor Apt. 493, Maystown, MA 84568",+234-00977072305,Liz.Thompson@example.com,1978-11-04,M,M
LW-16825,Laurel,Workman,"452 Monica Station, South Scottstad, WA 34400",+234-00816925623,Laurel.Workman@example.com,1971-04-09,S,F
LW-16990,Lindsay,Williams,"725 Lopez Forges, Martinburgh, PW 97287",+234-00691251984,Lindsay.Williams@example.com,1970-01-01,S,F
LW-17125,Liz,Willingham,"387 Michael Center Suite 129, Port Adamborough, ID 95950",+234-00238813905,Liz.Willingham@example.com,1974-05-12,M,M
LW-17215,Luke,Weiss,"7132 Cabrera Gateway Suite 654, Cruzborough, SC 11098",+234-00239932634,Luke.Weiss@example.com,1972-09-08,S,M
LW-6825,Alexis,Coleman,"PSC 5170, Box 4915, APO AE 91744",+234-00302674667,Alexis.Coleman@example.com,1995-02-07,S,F
LW-6990,Lindsay,Williams,"54935 Sanders Garden Apt. 606, Lake Darrenhaven, SC 21038",+234-00822658424,Lindsay.Williams@example.com,1974-06-24,M,F
LW-7125,Liz,Willingham,"1343 Boyd Square Apt. 193, Jasonbury, WV 17185",+234-00391097172,Liz.Willingham@example.com,1994-09-08,M,M
LW-7215,Luke,Weiss,"6364 Curtis Radial Apt. 095, Perkinsborough, MS 65330",+234-00809822583,Luke.Weiss@example.com,1978-03-23,S,M
MA-17560,Matt,Abelman,"6440 Lewis Mountains, Brooksmouth, FM 06003",+234-00427119623,Matt.Abelman@example.com,1992-03-02,M,M
MA-17995,Michelle,Arnett,"738 Taylor Terrace, Edwardsshire, VA 08868",+234-00934249915,Michelle.Arnett@example.com,1971-02-07,M,M
MA-7560,Matt,Abelman,"2625 Wesley Station Apt. 028, North Moniquebury, NH 72832",+234-00871865370,Matt.Abelman@example.com,1970-04-07,M,F
MA-7995,Michelle,Arnett,"54933 Sanders Garden Apt. 606, Lake Darrenhaven, SC 21038",+234-00137313993,Michelle.Arnett@example.com,1990-08-15,M,M
MB-17305,Maria,Bertelson,"49480 Carr Road, Thomasmouth, MT 16790",+234-00656488933,Maria.Bertelson@example.com,1971-08-04,M,F
MB-18085,Mick,Brown,"18224 Jessica Avenue, West Josephbury, VI 26425",+234-00382144005,Mick.Brown@example.com,1979-09-08,S,F
MB-7305,Maria,Bertelson,"57355 Christopher Gateway Suite 009, North Karenberg, AK 95553",+234-00860893508,Maria.Bertelson@example.com,1981-10-01,M,M
MB-8085,Mick,Brown,"140 Hogan Trail, Kathrynport, ND 63712",+234-00138802156,Mick.Brown@example.com,1970-09-09,S,F
MC-17275,Marc,Crier,"018 Spencer Stream Suite 652, Rosalesborough, PA 14443",+234-00536765331,Marc.Crier@example.com,1976-07-02,M,F
MC-17425,Mark,Cousins,"37332 Anthony Trail, Stephensmouth, IN 82606",+234-00112486892,Mark.Cousins@example.com,1971-12-05,M,F
MC-17575,Matt,Collins,"93114 Johnson Rapid, South Pamela, AR 90566",+234-00151582388,Matt.Collins@example.com,1999-09-05,M,M
MC-17590,Matt,Collister,"08795 John Wall Suite 719, New Courtneyshire, HI 05712",+234-00417983980,Matt.Collister@example.com,1981-02-12,M,M
MC-17605,Matt,Connell,"47807 Michael Land Apt. 192, North Michael, LA 99100",+234-00592078555,Matt.Connell@example.com,1976-03-02,M,F
MC-17635,Matthew,Clasen,"97580 Kennedy Glens, West Pamela, IN 48801",+234-00339278589,Matthew.Clasen@example.com,1979-04-06,S,F
MC-17845,Michael,Chen,"0833 Tracy Groves, Joshualand, LA 08415",+234-00175202732,Michael.Chen@example.com,1973-03-04,S,M
MC-18100,Mick,Crebagga,"PSC 6508, Box 7945, APO AP 50261",+234-00868236688,Mick.Crebagga@example.com,1972-07-03,S,F
MC-18130,Mike,Caudle,"3230 Wright View, Lake Melissa, IN 29171",+234-00603875651,Mike.Caudle@example.com,1976-10-22,S,F
MC-7275,Marc,Crier,"920 Lisa Cape, Scottmouth, TX 83759",+234-00617856403,Marc.Crier@example.com,1974-08-11,NULL,M
MC-7425,Clarence,Rai,"1174 Lane Harbor, Lake Sarahbury, NY 37259",+234-00847378354,Clarence.Rai@example.com,1991-08-02,M,F
MC-7575,Matt,Collins,"637 Jackson Lights, New Derrickview, MS 87527",+234-00574004437,Matt.Collins@example.com,1997-10-07,S,M
MC-7590,Matt,Collister,"47 Allison Burgs, Lukeshire, IA 99448",+234-00820315493,Matt.Collister@example.com,1974-03-26,M,M
MC-7605,Cameron,Rodriguez,"383 Michael Center Suite 129, Port Adamborough, ID 95950",+234-00138806509,Cameron.Rodriguez@example.com,1970-04-20,M,M
MC-7635,Alexia,Price,"425 Thompson Hill, Barkershire, NE 60630",+234-00249943349,Alexia.Price@example.com,1972-08-01,M,F
MC-7845,Michael,Chen,"30773 Thompson Vista, New Rachelhaven, ME 63301",+234-00783132095,Michael.Chen@example.com,1995-01-08,S,F
MC-8100,Ross,Vazquez,"9391 Owens Squares Suite 721, Port Charles, DE 01391",+234-00126603940,Ross.Vazquez@example.com,1999-03-02,M,M
MC-8130,Angela,Griffin,"701 Hurley Square Apt. 781, Newtonburgh, UT 40672",+234-00783132095,Angela.Griffin@example.com,1996-05-26,M,F
MD-17350,Maribeth,Dona,"74309 Deleon Falls, Port Rachel, WY 52990",+234-00862960055,Maribeth.Dona@example.com,NULL,M,F
MD-17860,Michael,Dominguez,"2693 William Pine Apt. 710, South Lucas, VA 59677",+234-00511576216,Michael.Dominguez@example.com,NULL,S,F
MD-7350,April,Deng,"54931 Sanders Garden Apt. 606, Lake Darrenhaven, SC 21038",+234-00556385322,April.Deng@example.com,1994-04-25,S,F
MD-7860,Michael,Dominguez,"35297 Katie Ranch Apt. 914, Nelsonville, CO 50392",+234-00962537588,Michael.Dominguez@example.com,1970-02-03,M,M
ME-17320,Maria,Etezadi,"78529 Davidson Curve, West Patricia, MA 46687",+234-00784544578,Maria.Etezadi@example.com,1975-03-11,M,M
ME-17725,Max,Engle,"381 Michael Center Suite 129, Port Adamborough, ID 95950",+234-00563081378,Max.Engle@example.com,1978-06-18,M,M
ME-18010,Michelle,Ellison,"400 Robin Stravenue Suite 088, New Jeffreystad, MI 88139",+234-00953027956,Michelle.Ellison@example.com,1974-09-10,S,F
ME-7320,Maria,Etezadi,"701 Hurley Square Apt. 781, Newtonburgh, UT 40672",+234-00724594895,Maria.Etezadi@example.com,1971-09-27,M,F
ME-7725,Carl,Andersen,"7595 Goodwin Walks Apt. 753, Rickymouth, NH 99447",+234-00276124447,Carl.Andersen@example.com,1991-07-06,S,M
ME-8010,Orlando,Vazquez,"54931 Sanders Garden Apt. 606, Lake Darrenhaven, SC 21038",+234-00578940920,Orlando.Vazquez@example.com,1970-03-18,M,M
MF-17665,Maureen,Fritzler,"49754 Jordan Square Apt. 472, Port Alexis, WI 26005",+234-00446197813,Maureen.Fritzler@example.com,1970-08-02,S,M
MF-18250,Monica,Federle,"023 Carney Lake Apt. 425, Andrewsmouth, MS 37951",+234-00655267922,Monica.Federle@example.com,1991-05-01,S,M
MF-7665,Melinda,Gill,"30772 Thompson Vista, New Rachelhaven, ME 63301",+234-00276124447,Melinda.Gill@example.com,1999-09-02,S,F
MF-8250,Monica,Federle,"94308 Robert Light Apt. 356, West Jennifermouth, ND 68279",+234-00809822583,Monica.Federle@example.com,1993-09-07,S,F
MG-17650,Matthew,Grinstein,"Unit 2825 Box 5638, DPO AP 51455",+234-00885431481,Matthew.Grinstein@example.com,1974-06-10,M,M
MG-17680,Maureen,Gastineau,"95050 Jackson Walk, West Leroystad, CO 98226",+234-00811399788,Maureen.Gastineau@example.com,1975-10-09,S,F
MG-17695,Maureen,Gnade,"00126 Kristi Lights, Nixonside, SD 73485",+234-00832657180,Maureen.Gnade@example.com,1998-08-07,M,F
MG-17875,Michael,Grace,"049 Harvey Circles, West Bobby, SC 26894",+234-00739262409,Michael.Grace@example.com,1974-08-10,S,F
MG-17890,Michael,Granlund,"07621 Stone Meadows Suite 448, Jonathanport, CO 36214",+234-00500725236,Michael.Granlund@example.com,1981-05-02,NULL,F
MG-18145,Mike,Gockenbach,"629 Tyler Tunnel Suite 891, East Michelle, AZ 28542",+234-00355122450,Mike.Gockenbach@example.com,1993-06-03,S,M
MG-18205,Mitch,Gastineau,"91455 Miles Prairie Apt. 729, Port Lisa, CA 19390",+234-00856264382,Mitch.Gastineau@example.com,1974-03-11,M,F
MG-7650,Jordan,King,"PSC 5170, Box 4915, APO AE 91742",+234-00250191472,Jordan.King@example.com,1991-02-27,S,M
MG-7680,Maureen,Gastineau,"975 Cooper Pike Suite 910, South Jacqueline, SD 94128",+234-00757536201,Maureen.Gastineau@example.com,1978-10-05,S,F
MG-7695,Maureen,Gnade,"79224 Mendez Mountain Apt. 491, South Levi, WV 78758",+234-00995838072,Maureen.Gnade@example.com,1972-10-02,M,F
MG-7875,Julia,Garcia,"94308 Robert Light Apt. 356, West Jennifermouth, ND 68273",+234-00583604056,Julia.Garcia@example.com,1999-09-20,M,F
MG-7890,Sara,Richardson,"7590 Goodwin Walks Apt. 753, Rickymouth, NH 99447",+234-00822658424,Sara.Richardson@example.com,1979-10-05,M,M
MG-8145,Mike,Gockenbach,"1813 Bill Creek, Lake Roy, OR 20616",+234-00654702999,Mike.Gockenbach@example.com,1970-09-10,NULL,F
MG-8205,Mitch,Gastineau,"244 Suzanne Harbor, Port Nicholas, ID 34824",+234-00409644822,Mitch.Gastineau@example.com,1973-11-16,S,F
MH-17290,Marc,Harrigan,"869 Jon Cliffs, Gonzaleston, MP 61152",+234-00351040219,Marc.Harrigan@example.com,1976-05-10,M,M
MH-17440,Mark,Haberlin,"USCGC Jackson, FPO AA 54559",+234-00266905479,Mark.Haberlin@example.com,1971-02-09,M,F
MH-17455,Mark,Hamilton,"022 Harper Bridge, West Thomasberg, OR 10558",+234-00909401593,Mark.Hamilton@example.com,1999-10-02,S,M
MH-17620,Matt,Hagelstein,"61854 Mitchell Key Suite 619, New Robin, FM 09869",+234-00300983150,Matt.Hagelstein@example.com,1978-11-01,S,M
MH-17785,Maya,Herman,"13496 Pamela Ranch, Aaronstad, AL 98025",+234-00240814519,Maya.Herman@example.com,1970-05-03,M,F
MH-18025,Michelle,Huthwaite,"197 Turner Stream, Freemanberg, VA 93438",+234-00470063922,Michelle.Huthwaite@example.com,1997-02-05,S,M
MH-18115,Mick,Hernandez,"3132 Savage Springs Apt. 979, Darylshire, NE 90705",+234-00734975307,Mick.Hernandez@example.com,1971-10-04,M,F
MH-7290,Marc,Harrigan,"41 Allison Burgs, Lukeshire, IA 99448",+234-00423994031,Marc.Harrigan@example.com,1988-03-06,M,M
MH-7440,Mark,Haberlin,"410 Jessica Ridges Suite 829, West Jasmine, IN 81398",+234-00344620024,Mark.Haberlin@example.com,1973-07-05,S,M
MH-7455,Mark,Hamilton,"1349 Boyd Square Apt. 193, Jasonbury, WV 17185",+234-00556385322,Mark.Hamilton@example.com,1970-02-19,M,F
MH-7620,Matt,Hagelstein,"48 Allison Burgs, Lukeshire, IA 99448",+234-00126603940,Matt.Hagelstein@example.com,1971-09-12,M,M
MH-7785,Maya,Herman,"60476 Howard Drives Apt. 204, Rodneyside, GU 16767",+234-00137313993,Maya.Herman@example.com,1993-05-09,M,M
MH-8025,Ryan,Brown,"54938 Sanders Garden Apt. 606, Lake Darrenhaven, SC 21038",+234-00224195817,Ryan.Brown@example.com,1972-02-24,S,F
MH-8115,Javier,Alvarez,"4564 Laura Plains, Loweside, NJ 90836",+234-00724594895,Javier.Alvarez@example.com,1997-08-03,M,NA
MJ-17740,Max,Jones,"0624 Kevin Parks Suite 741, Kimberlyborough, UT 08882",+234-00570469440,Max.Jones@example.com,1985-02-04,M,F
MJ-7740,Max,Jones,"699 Hurley Square Apt. 781, Newtonburgh, UT 40672",+234-00953546221,Max.Jones@example.com,1972-12-14,M,F
MK-17905,Michael,Kennedy,"Unit 5608 Box 3065, DPO AA 44636",+234-00374219698,Michael.Kennedy@example.com,1975-02-12,M,M
MK-18160,Mike,Kennedy,"386 Michael Center Suite 129, Port Adamborough, ID 95950",+234-00276124447,Mike.Kennedy@example.com,1996-08-12,S,F
MK-7905,Michael,Kennedy,"152 Cox Trail Suite 188, Josephland, VA 78177",+234-00249943349,Michael.Kennedy@example.com,1986-09-17,S,F
MK-8160,Russell,Xie,"4567 Laura Plains, Loweside, NJ 90836",+234-00556385322,Russell.Xie@example.com,1990-03-18,S,M
ML-17395,Marina,Lichtenstein,"PSC 5340, Box 9725, APO AP 45135",+234-00537703482,Marina.Lichtenstein@example.com,1979-08-08,M,F
ML-17410,Maris,Laware,"4885 Summers Neck, South Amandaton, NH 39184",+234-00137219285,Maris.Laware@example.com,1972-04-06,S,F
ML-17755,Max,Ludwig,"01447 Sabrina Lake, Port Tina, NH 80022",+234-00213082031,Max.Ludwig@example.com,1994-07-05,M,M
ML-18040,Michelle,Lonsdale,"607 Salas Radial, North Cameronview, NY 77716",+234-00542608207,Michelle.Lonsdale@example.com,1971-03-02,S,M
ML-18265,Muhammed,Lee,"9967 Clark Spur Apt. 817, Lutzside, NM 13559",+234-00646166150,Muhammed.Lee@example.com,1999-08-08,M,F
ML-7395,Ruben,Kapoor,"7589 Goodwin Walks Apt. 753, Rickymouth, NH 99447",+234-00871865370,Ruben.Kapoor@example.com,1976-06-21,S,M
ML-7410,Jenna,Wright,"4571 Laura Plains, Loweside, NJ 90836",+234-00302674667,Jenna.Wright@example.com,1971-01-14,M,M
ML-7755,Alvin,Zeng,"4563 Laura Plains, Loweside, NJ 90836",+234-00320944023,Alvin.Zeng@example.com,1994-09-24,M,F
ML-8040,Michelle,Lonsdale,"147 Cox Trail Suite 188, Josephland, VA 78177",+234-00406146043,Michelle.Lonsdale@example.com,1977-02-14,S,F
ML-8265,Muhammed,Lee,"23280 Hogan Courts Suite 082, East George, MI 74586",+234-00319494202,Muhammed.Lee@example.com,1990-06-20,S,M
MM-17260,Magdelene,Morse,"6155 Nathan Inlet, Davisfort, MI 19506",+234-00476540299,Magdelene.Morse@example.com,1975-09-01,S,M
MM-17920,Michael,Moore,"2647 Gomez Estates, Jacquelineburgh, MH 55110",+234-00342304192,Michael.Moore@example.com,1993-11-07,M,M
MM-18055,Michelle,Moray,"730 Trevor Terrace, Beckmouth, MI 84922",+234-00875289284,Michelle.Moray@example.com,1996-10-01,S,F
MM-18280,Muhammed,Macintyre,"USNS Robertson, FPO AP 98701",+234-00264581441,Muhammed.Macintyre@example.com,1970-06-14,M,M
MM-7260,Magdelene,Morse,"82418 Michaela Trace, New Bettyfort, MS 30944",+234-00492292680,Magdelene.Morse@example.com,1998-08-10,M,M
MM-7920,Michael,Moore,"137 Hogan Trail, Kathrynport, ND 63712",+234-00406146043,Michael.Moore@example.com,1989-04-12,M,F
MM-8055,Theresa,Ramos,"Unit 5122 Box 1673, DPO AE 17940",+234-00809822583,Theresa.Ramos@example.com,1998-02-23,S,M
MM-8280,Muhammed,Macintyre,"3731 Shaw Terrace, South Virginia, ND 61641",+234-00113267852,Muhammed.Macintyre@example.com,1971-07-05,S,M
MN-17935,Michael,Nguyen,"2981 Tyler Isle Suite 804, East Jasonchester, WA 54638",+234-00698322096,Michael.Nguyen@example.com,1972-11-04,M,M
MN-7935,Michael,Nguyen,"6361 Curtis Radial Apt. 095, Perkinsborough, MS 65330",+234-00570260442,Michael.Nguyen@example.com,1972-05-19,S,F
MO-17500,Mary,O'Rourke,"4559 Alexander Hills Suite 481, West Olivia, OR 30217",+234-00644599177,Mary.O'Rourke@example.com,1974-11-02,M,F
MO-17800,Meg,O'Connel,"32092 Garrison Cape, East Kelly, HI 26245",+234-00410183807,Meg.O'Connel@example.com,1972-12-02,S,F
MO-17950,Michael,Oakman,"4944 Karen Road, Josephview, NE 53989",+234-00810928290,Michael.Oakman@example.com,1974-09-03,S,F
MO-7500,Mary,O'Rourke,"49 Allison Burgs, Lukeshire, IA 99448",+234-00745919107,Mary.O'Rourke@example.com,1993-07-17,S,F
MO-7800,Meg,O'Connel,"981 Tyler Parkways, Paulhaven, ND 96246",+234-00153605193,Meg.O'Connel@example.com,1980-08-08,M,M
MO-7950,Harold,Sai,"47 Allison Burgs, Lukeshire, IA 99448",+234-00990238153,Harold.Sai@example.com,1999-06-21,M,M
MP-17470,Mark,Packer,"061 Jonathan Turnpike Apt. 507, Heatherbury, NJ 88824",+234-00100850066,Mark.Packer@example.com,1973-08-02,M,F
MP-17965,Michael,Paige,"6586 Morris Dale, South Christopher, MI 67951",+234-00994608457,Michael.Paige@example.com,1998-05-02,M,F
MP-18175,Mike,Pelletier,"91827 Harris Stream, Whiteland, GU 20382",+234-00615728607,Mike.Pelletier@example.com,1975-06-05,S,F
MP-7470,Ian,Gonzales,"9390 Owens Squares Suite 721, Port Charles, DE 01391",+234-00990238153,Ian.Gonzales@example.com,1970-09-03,M,M
MP-7965,Robert,Lee,"4570 Laura Plains, Loweside, NJ 90836",+234-00137313993,Robert.Lee@example.com,1980-02-11,S,M
MP-8175,Aimee,He,"146 Hogan Trail, Kathrynport, ND 63712",+234-00724594895,Aimee.He@example.com,1970-03-14,S,M
MR-17545,Mathew,Reese,"16858 Sara Station Suite 934, Kimberlymouth, WI 50389",+234-00155450941,Mathew.Reese@example.com,1972-07-03,M,M
MR-7545,Mathew,Reese,"684 Ebony Ports, Kathrynchester, ID 87224",+234-00535042804,Mathew.Reese@example.com,1975-04-05,S,M
MS-17365,Maribeth,Schnelling,"39913 David Pass, Suttonburgh, WI 08020",+234-00262270433,Maribeth.Schnelling@example.com,1978-09-11,M,M
MS-17530,Marybeth,Skach,"855 Robert Plaza Suite 475, Lake Angelatown, MA 91295",+234-00656987539,Marybeth.Skach@example.com,1974-11-12,S,M
MS-17710,Maurice,Satty,"8256 Morton Coves Apt. 882, Nicolechester, TX 74065",+234-00456689521,Maurice.Satty@example.com,1979-10-23,M,F
MS-17770,Maxwell,Schwartz,"938 Aguilar Cliffs, Tanyafort, AZ 21896",+234-00351089655,Maxwell.Schwartz@example.com,1994-08-10,S,F
MS-17830,Melanie,Seite,"1820 Sherry Isle, Lake Christy, MN 91866",+234-00843689080,Melanie.Seite@example.com,1976-04-11,S,M
MS-17980,Michael,Stewart,"4609 Young Groves, Lake Jesseshire, MO 17334",+234-00898564280,Michael.Stewart@example.com,1999-07-03,M,M
MS-7365,Leah,Ye,"30777 Thompson Vista, New Rachelhaven, ME 63301",+234-00809822583,Leah.Ye@example.com,1972-11-11,S,F
MS-7530,Marybeth,Skach,"120 Tina Turnpike Apt. 522, North Matthewfurt, HI 64726",+234-00894193494,Marybeth.Skach@example.com,1979-07-01,S,M
MS-7710,Jeremy,Powell,"6367 Curtis Radial Apt. 095, Perkinsborough, MS 65330",+234-00214466749,Jeremy.Powell@example.com,1973-03-05,M,M
MS-7770,Jocelyn,Alexander,"94308 Robert Light Apt. 356, West Jennifermouth, ND 68275",+234-00320944023,Jocelyn.Alexander@example.com,1977-05-14,M,F
MS-7830,Melanie,Seite,"45149 Watkins Orchard, Brianville, KY 31880",+234-00839383019,Melanie.Seite@example.com,1973-07-03,S,M
MS-7980,Karla,Goel,"23283 Hogan Courts Suite 082, East George, MI 74586",+234-00742024324,Karla.Goel@example.com,1998-11-24,M,M
MT-17815,Meg,Tillman,"395 Nicholas Villages Apt. 714, Ashleystad, ME 15707",+234-00815269936,Meg.Tillman@example.com,1977-04-04,M,M
MT-18070,Michelle,Tran,"PSC 5187, Box 5945, APO AP 91054",+234-00653294858,Michelle.Tran@example.com,1975-03-11,M,F
MT-7815,April,Anand,"424 Thompson Hill, Barkershire, NE 60630",+234-00224195817,April.Anand@example.com,1974-02-10,S,F
MT-8070,Michelle,Tran,"16833 Moses Hill, Lynchburgh, GA 50335",+234-00337532977,Michelle.Tran@example.com,1990-12-05,M,M
MV-17485,Mark,Van-Huff,"757 Jordan Canyon, Carterhaven, NC 92529",+234-00374707560,Mark.Van-Huff@example.com,1999-12-10,S,F
MV-18190,Mike,Vittorini,"339 Robinson Estates Apt. 030, South Dawnborough, NJ 43699",+234-00957553287,Mike.Vittorini@example.com,1995-03-12,M,F
MV-7485,Mark,Van,"141 Hogan Trail, Kathrynport, ND 63712",+234-00820315493,Mark.Van@example.com,1994-04-19,S,M
MV-8190,Mike,Vittorini,"52440 Tristan Bypass, Lozanoport, IN 22309",+234-00573896381,Mike.Vittorini@example.com,1995-07-02,M,F
MW-18220,Mitch,Webber,"90896 Smith Loaf Apt. 926, Oliverhaven, SD 32167",+234-00709912949,Mitch.Webber@example.com,1974-05-04,M,M
MW-18235,Mitch,Willingham,"0069 Jonathan Cliffs, New Catherine, VA 82053",+234-00200346012,Mitch.Willingham@example.com,1978-04-04,M,F
MW-8220,Mitch,Webber,"3605 Robert Islands Apt. 621, Joshuastad, PA 40313",+234-00854169840,Mitch.Webber@example.com,1995-09-11,M,M
MW-8235,Mitch,Willingham,"6360 Curtis Radial Apt. 095, Perkinsborough, MS 65330",+234-00724594895,Mitch.Willingham@example.com,1978-10-26,M,F
MY-17380,Maribeth,Yedwab,"843 Young Harbors, Port Angelaberg, WY 26950",+234-00247678965,NULL,1974-03-04,S,F
MY-18295,Muhammed,Yedwab,"182 Cervantes Lake Apt. 513, New Chad, ND 19254",+234-00533083794,Muhammed.Yedwab@example.com,1977-05-10,S,M
MY-7380,Maribeth,Yedwab,"01120 Paige Divide, Johnsonburgh, AZ 77221",+234-00706310890,Maribeth.Yedwab@example.com,1980-11-05,S,F
MY-8295,Muhammed,Yedwab,"3876 Martinez Street, Buchananland, PW 78787",+234-00250246009,Muhammed.Yedwab@example.com,1973-09-03,S,F
MZ-17335,Maria,Zettner,"856 Justin Crest, Jasonville, IA 80007",+234-00135523218,Maria.Zettner@example.com,1995-02-10,M,M
MZ-17515,Mary,Zewe,"99294 Todd Wells, Kelleymouth, TX 74014",+234-00334437254,Mary.Zewe@example.com,1970-06-11,M,M
MZ-7335,Maria,Zettner,"2936 John Manor Apt. 354, Hallmouth, FM 51007",+234-00888678101,Maria.Zettner@example.com,1989-06-08,S,M
MZ-7515,Mary,Zewe,"959 David Lakes, Lake Shannonmouth, CA 51858",+234-00879674084,Mary.Zewe@example.com,1971-05-10,M,M
NB-18580,Nicole,Brennan,"7588 Goodwin Walks Apt. 753, Rickymouth, NH 99447",+234-00214466749,Nicole.Brennan@example.com,1973-02-02,M,M
NB-18655,Nona,Balk,"USNV Oneal, FPO AE 11617",+234-00598060042,Nona.Balk@example.com,1980-03-11,M,M
NB-8580,Noah,Powell,"PSC 5170, Box 4915, APO AE 91744",+234-00871865370,Noah.Powell@example.com,1973-08-22,S,F
NB-8655,Anne,Hernandez,"20198 John Squares Apt. 274, South Natalie, NE 63942",+234-00219602225,Anne.Hernandez@example.com,1997-03-04,M,M
NC-18340,Nat,Carroll,"Unit 7281 Box 8311, DPO AE 65656",+234-00150986775,Nat.Carroll@example.com,1987-08-09,S,M
NC-18415,Nathan,Cano,"1703 Bishop Point, South Markfurt, NV 59963",+234-00866919835,Nathan.Cano@example.com,NULL,NULL,M
NC-18535,Nick,Crebassa,"430 Barron Junctions, Thomasview, NE 00625",+234-00238813905,Nick.Crebassa@example.com,1993-03-07,S,F
NC-18625,Noah,Childs,"58556 Heather Island, Davisborough, TX 08123",+234-00387875068,Noah.Childs@example.com,1995-07-03,M,F
NC-8340,Nat,Carroll,"716 Martin Centers, Port Kellyton, OK 65586",+234-00869084364,Nat.Carroll@example.com,1976-07-01,M,F
NC-8415,Nathan,Cano,"63174 Laura Pike Apt. 352, Haynesberg, DC 05267",+234-00890647996,Nathan.Cano@example.com,1999-12-01,M,M
NC-8535,Lauren,Davis,"422 Thompson Hill, Barkershire, NE 60630",+234-00563081378,Lauren.Davis@example.com,1997-04-22,M,F
NC-8625,Alejandro,Beck,"387 Michael Center Suite 129, Port Adamborough, ID 95950",+234-00320944023,Alejandro.Beck@example.com,1990-10-23,S,F
ND-18370,Natalie,Decherney,"7762 Kelley Bypass Apt. 602, Morrisonchester, GU 14212",+234-00198035344,Natalie.Decherney@example.com,1975-10-01,S,M
ND-18460,Neil,Ducich,"36031 Angela Lodge, North Misty, GA 44861",+234-00400564641,Neil.Ducich@example.com,1973-04-01,S,F
ND-8370,Robin,Verhoff,"142 Hogan Trail, Kathrynport, ND 63712",+234-00126603940,Robin.Verhoff@example.com,1993-11-10,M,M
ND-8460,Neil,Ducich,"7114 Harold Lane Suite 602, West Mark, MS 75981",+234-00412448312,Neil.Ducich@example.com,1978-10-01,M,M
NF-18385,Natalie,Fritzler,"58680 Aguirre Streets, Suarezmouth, MI 13052",+234-00996017669,Natalie.Fritzler@example.com,1995-11-04,S,M
NF-18475,Neil,Französisch,"1427 Cisneros Motorway, Whiteborough, MS 42166",+234-00159529429,Neil.Französisch@example.com,1994-12-04,M,M
NF-18595,Nicole,Fjeld,"274 Alexander Centers, Jordanville, LA 91722",+234-00925886320,Nicole.Fjeld@example.com,NULL,M,M
NF-8385,Natalie,Fritzler,"68614 Kevin Wells, Carlosport, WY 26919",+234-00893282201,Natalie.Fritzler@example.com,1981-05-04,M,F
NF-8475,Neil,Französisch,"703 Hurley Square Apt. 781, Newtonburgh, UT 40672",+234-00319494202,Neil.Französisch@example.com,1996-07-18,S,NA
NF-8595,Nicole,Fjeld,"60477 Howard Drives Apt. 204, Rodneyside, GU 16767",+234-00302674667,Nicole.Fjeld@example.com,1996-10-12,M,F
NG-18355,Nat,Gilpin,"467 Nathan Trace, Frankfort, MA 56087",+234-00322098011,Nat.Gilpin@example.com,1971-07-01,S,M
NG-18430,Nathan,Gelder,"80081 Daniel Coves, Jermaineside, VT 39471",+234-00805960796,Nathan.Gelder@example.com,1996-04-01,M,M
NG-8355,Nat,Gilpin,"1172 Lane Harbor, Lake Sarahbury, NY 37259",+234-00745919107,Nat.Gilpin@example.com,1999-06-04,M,M
NG-8430,Nathan,Gelder,"807 Acevedo Knoll Apt. 304, Travisshire, DE 76456",+234-00185889163,Nathan.Gelder@example.com,1976-12-04,M,M
NH-18610,Nicole,Hansen,"7816 Cole Grove, Jamesborough, SD 44242",+234-00419448014,Nicole.Hansen@example.com,1999-05-05,S,F
NH-8610,Ebony,Gonzalez,"437 Barron Junctions, Thomasview, NE 00625",+234-00137313993,Ebony.Gonzalez@example.com,1976-07-08,S,F
NK-18490,Neil,Knudson,"1283 Donald Ford, Brianfurt, HI 24892",+234-00234230985,Neil.Knudson@example.com,1971-08-01,S,F
NK-8490,Neil,Knudson,"700 Hurley Square Apt. 781, Newtonburgh, UT 40672",+234-00320944023,Neil.Knudson@example.com,1991-05-11,M,F
NL-18310,Nancy,Lomonaco,"346 Daniel View, Woodsborough, MT 97277",+234-00879032178,Nancy.Lomonaco@example.com,1996-02-01,S,F
NL-8310,Ana,Perry,"437 Barron Junctions, Thomasview, NE 00625",+234-00371918403,Ana.Perry@example.com,1976-11-25,S,M
NM-18445,Nathan,Mautz,"583 Ryan Shore, Pattersonmouth, VI 61142",+234-00563215410,Nathan.Mautz@example.com,1979-04-04,M,F
NM-18520,Neoma,Murray,"62335 Cobb Court, East Susan, AS 12129",+234-00959239845,Neoma.Murray@example.com,1999-08-02,S,F
NM-8445,Nathan,Mautz,"46 Allison Burgs, Lukeshire, IA 99448",+234-00138802156,Nathan.Mautz@example.com,1995-10-17,M,M
NM-8520,Neoma,Murray,"389 Michael Center Suite 129, Port Adamborough, ID 95950",+234-00270217070,Neoma.Murray@example.com,1994-02-04,S,M
NP-18325,Naresj,Patel,"82149 Luna Hill Apt. 644, South Amymouth, SD 17068",+234-00705201331,Naresj.Patel@example.com,1991-05-07,M,NA
NP-18670,Nora,Paige,"0689 Hunter Square Suite 838, South Danielleland, OH 24602",+234-00712520592,Nora.Paige@example.com,1978-10-08,M,F
NP-18685,Nora,Pelletier,"517 Mindy Oval, South Barbaramouth, CA 84129",+234-00921101888,Nora.Pelletier@example.com,1977-10-11,M,M
NP-18700,Nora,Preis,"9417 Savannah Avenue Suite 783, West Lisa, HI 23434",+234-00296508655,Nora.Preis@example.com,1978-09-01,M,NA
NP-8325,Cheryl,Diaz,"94308 Robert Light Apt. 356, West Jennifermouth, ND 68280",+234-00637142888,Cheryl.Diaz@example.com,1971-04-14,S,F
NP-8670,Nora,Paige,"23284 Hogan Courts Suite 082, East George, MI 74586",+234-00406146043,Nora.Paige@example.com,1991-11-07,M,M
NP-8685,Nora,Pelletier,"1745 Brandon Plain Suite 232, Lake Carolburgh, SD 18049",+234-00663533559,Nora.Pelletier@example.com,1974-02-02,S,F
NP-8700,Chad,Kumar,"420 Thompson Hill, Barkershire, NE 60630",+234-00214466749,Chad.Kumar@example.com,1971-09-12,S,M
NR-18550,Nick,Radford,"4793 Anthony Rest, Patriciashire, IA 32207",+234-00580809707,Nick.Radford@example.com,1976-02-09,S,F
NR-8550,Nick,Radford,"20197 John Squares Apt. 274, South Natalie, NE 63942",+234-00563081378,Nick.Radford@example.com,1973-09-05,S,M
NS-18505,Neola,Schneider,"430 Morrison Lakes, Leeton, MA 24870",+234-00361371227,Neola.Schneider@example.com,1977-09-02,S,F
NS-18640,Noel,Staavos,"74021 Smith Falls Apt. 722, Lake Craigmouth, FL 11909",+234-00768595300,Noel.Staavos@example.com,1993-06-04,M,M
NS-8505,Neola,Schneider,"USNS Lucas, FPO AA 74361",+234-00900570110,Neola.Schneider@example.com,1979-10-01,NULL,M
NS-8640,Meredith,Gutierrez,"700 Hurley Square Apt. 781, Newtonburgh, UT 40672",+234-00847378354,Meredith.Gutierrez@example.com,1976-08-14,S,F
NW-18400,Natalie,Webber,"9371 Larry Lock Apt. 249, South Regina, AZ 53347",+234-00354978459,Natalie.Webber@example.com,1976-05-03,S,F
NW-8400,Natalie,Webber,"7591 Goodwin Walks Apt. 753, Rickymouth, NH 99447",+234-00990238153,Natalie.Webber@example.com,1999-11-18,S,F
NZ-18565,Nick,Zandusky,"56614 Matthew Court, Port Aprilhaven, DC 25406",+234-00670212401,Nick.Zandusky@example.com,1994-08-12,S,M
NZ-8565,Nathan,Lal,"6369 Curtis Radial Apt. 095, Perkinsborough, MS 65330",+234-00781174284,Nathan.Lal@example.com,1979-08-20,S,M
ON-18715,Odella,Nelson,"0698 Susan Station Suite 921, Margaretland, OH 90078",+234-00533677940,Odella.Nelson@example.com,1999-01-01,M,M
ON-8715,Odella,Nelson,"139 Hogan Trail, Kathrynport, ND 63712",+234-00781174284,Odella.Nelson@example.com,1978-09-16,M,M
OT-18730,Olvera,Toch,"18650 Russell Mountain, Jaredburgh, GU 68952",+234-00957649330,Olvera.Toch@example.com,1973-03-08,S,M
OT-8730,David,Diaz,"1350 Boyd Square Apt. 193, Jasonbury, WV 17185",+234-00809822583,David.Diaz@example.com,1980-05-19,M,F
PA-19060,Pete,Armstrong,"23279 Hogan Courts Suite 082, East George, MI 74586",+234-00270217070,Pete.Armstrong@example.com,1997-08-03,S,F
PA-9060,Pete,Armstrong,"9728 Dorsey Grove Apt. 374, Stephaniechester, KS 99541",+234-00724745115,Pete.Armstrong@example.com,1980-02-10,S,F
PB-18805,Patrick,Bzostek,"90302 Raymond Overpass Apt. 433, North Jennifer, NC 88675",+234-00199565933,Patrick.Bzostek@example.com,1973-12-01,S,M
PB-19105,Peter,Bühler,"3564 Montoya Light Suite 417, West Christinafort, RI 58176",+234-00764770467,Peter.Bühler@example.com,NULL,S,M
PB-19150,Philip,Brown,"1175 Lane Harbor, Lake Sarahbury, NY 37259",+234-00724594895,Philip.Brown@example.com,1972-06-12,M,M
PB-19210,Phillip,Breyer,"122 Jessica Mount Suite 884, Lake Cheyennefurt, AS 43458",+234-00870433262,Phillip.Breyer@example.com,1992-02-03,M,M
PB-8805,Patrick,Bzostek,"34298 Oliver Prairie, Brittanyfurt, MA 31864",+234-00847378354,Patrick.Bzostek@example.com,1970-06-05,M,M
PB-9105,Peter,Bühler,"269 Harmon Terrace Suite 005, West Ronaldport, NV 40200",+234-00719041570,Peter.Bühler@example.com,1972-06-07,M,F
PB-9150,Philip,Brown,"5798 Michelle Hill, South Michaelland, IL 48531",+234-00879403606,Philip.Brown@example.com,1979-09-10,M,F
PB-9210,Phillip,Breyer,"4172 Johnson Parks Apt. 168, Matthewville, GA 16111",+234-00618525786,Phillip.Breyer@example.com,1997-11-04,M,F
PC-18745,Pamela,Coakley,"20936 Paul Springs, Gomezborough, NE 09769",+234-00248969977,Pamela.Coakley@example.com,1994-11-12,M,F
PC-19000,Pauline,Chand,"5130 Kevin Villages Suite 440, Katieland, MT 96447",+234-00344352843,Pauline.Chand@example.com,1970-08-10,M,M
PC-8745,Pamela,Coakley,"407 James Flat, Nelsonville, NV 21268",+234-00273259926,Pamela.Coakley@example.com,1991-01-06,M,F
PC-9000,Pauline,Chand,"7595 Goodwin Walks Apt. 753, Rickymouth, NH 99447",+234-00847378354,Pauline.Chand@example.com,1970-10-26,M,F
PF-19120,Peter,Fuller,"07443 Donald Cliffs Apt. 147, West Natalie, LA 81646",+234-00278063703,Peter.Fuller@example.com,1998-06-07,S,F
PF-19165,Philip,Fox,"91701 Frazier Cape Apt. 686, New Bethanyport, FL 69610",+234-00133558253,Philip.Fox@example.com,1971-11-01,M,M
PF-19225,Phillip,Flathmann,"46720 Michael Stream Suite 219, New Robertbury, GU 17623",+234-00669672768,Phillip.Flathmann@example.com,1974-04-10,M,F
PF-9120,Angela,James,"20194 John Squares Apt. 274, South Natalie, NE 63942",+234-00603875651,Angela.James@example.com,1978-09-13,S,F
PF-9165,Philip,Fox,"23285 Hogan Courts Suite 082, East George, MI 74586",+234-00871865370,Philip.Fox@example.com,1997-04-11,M,M
PF-9225,Phillip,Flathmann,"1347 Boyd Square Apt. 193, Jasonbury, WV 17185",+234-00270217070,Phillip.Flathmann@example.com,1974-12-28,M,F
PG-18820,Patrick,Gardner,"0107 Brittany Pass, Darrellchester, AR 63623",+234-00655728865,Patrick.Gardner@example.com,1979-11-11,S,F
PG-18895,Paul,Gonzalez,"493 Boyer Fall Apt. 316, Williamfurt, MD 67506",+234-00786179373,Paul.Gonzalez@example.com,1971-09-04,S,F
PG-8820,Patrick,Gardner,"54810 Hansen Pine, Donnamouth, MO 69021",+234-00280685036,Patrick.Gardner@example.com,1970-11-12,M,M
PG-8895,Paul,Gonzalez,"9394 Owens Squares Suite 721, Port Charles, DE 01391",+234-00783132095,Paul.Gonzalez@example.com,1973-04-24,M,M
PH-18790,Patricia,Hirasaki,"Unit 0900 Box 4980, DPO AA 34293",+234-00749623980,Patricia.Hirasaki@example.com,1975-02-01,S,F
PH-8790,Patricia,Hirasaki,"30770 Thompson Vista, New Rachelhaven, ME 63301",+234-00745919107,Patricia.Hirasaki@example.com,1992-06-15,M,M
PJ-18835,Patrick,Jones,"USS Howard, FPO AA 96261",+234-00869594750,Patrick.Jones@example.com,1979-11-03,S,M
PJ-19015,Pauline,Johnson,"0324 Holt Junction, Jennaland, MD 13068",+234-00793860186,Pauline.Johnson@example.com,1970-04-10,S,M
PJ-8835,Samantha,Russell,"23286 Hogan Courts Suite 082, East George, MI 74586",+234-00978932461,Samantha.Russell@example.com,1977-05-27,S,F
PJ-9015,Pauline,Johnson,"0491 Mark Tunnel Apt. 434, North Michelle, WA 37351",+234-00579981773,Pauline.Johnson@example.com,1975-03-03,S,F
PK-18910,Paul,Knutson,"PSC 7622, Box 3362, APO AP 60640",+234-00107368604,Paul.Knutson@example.com,1997-03-03,S,F
PK-19075,Pete,Kriz,"84920 Lauren Underpass Suite 338, Port Garychester, PW 15682",+234-00195100271,Pete.Kriz@example.com,1995-03-06,M,M
PK-8910,Carol,Howard,"149 Cox Trail Suite 188, Josephland, VA 78177",+234-00822658424,Carol.Howard@example.com,1975-02-06,S,M
PK-9075,Pete,Kriz,"4569 Laura Plains, Loweside, NJ 90836",+234-00371918403,Pete.Kriz@example.com,1994-11-26,S,F
PL-18925,Paul,Lucas,"PSC 7545, Box 7940, APO AA 39558",+234-00942042470,Paul.Lucas@example.com,1977-05-06,NULL,F
PL-8925,Curtis,Lu,"9393 Owens Squares Suite 721, Port Charles, DE 01391",+234-00276124447,Curtis.Lu@example.com,1993-09-19,M,F
PM-18940,Paul,Macintyre,"50952 Reyes Ways Apt. 461, Anthonyfort, GU 97328",+234-00611560523,Paul.Macintyre@example.com,1995-05-09,S,M
PM-19135,Peter,Mcvee,"448 Gregory Bypass, Charlesburgh, SD 17079",+234-00338930497,Peter.Mcvee@example.com,1973-09-09,M,M
PM-8940,Carol,Rai,"94308 Robert Light Apt. 356, West Jennifermouth, ND 68278",+234-00678139616,Carol.Rai@example.com,1973-10-20,M,M
PM-9135,Peter,Mcvee,"479 Pratt Drive, Lake Lisashire, VT 79118",+234-00699544737,Peter.Mcvee@example.com,NULL,M,M
PN-18775,Parhena,Norris,"81462 Dawn Route, Jessicachester, VT 24315",+234-00507937683,NULL,1991-10-01,S,M
PN-8775,Parhena,Norris,"23280 Hogan Courts Suite 082, East George, MI 74586",+234-00678139616,Parhena.Norris@example.com,1977-02-05,S,F
PO-18850,Patrick,O'Brill,"2880 Angela Shoal, Galvanland, FM 26874",+234-00765612787,Patrick.O'Brill@example.com,1972-02-09,S,F
PO-18865,Patrick,O'Donnell,"1712 Michelle Course, South Jillberg, FL 52450",+234-00985148568,Patrick.O'Donnell@example.com,1997-08-02,M,M
PO-19180,Philisse,Overcash,"0959 Cynthia Alley Suite 411, North Noah, NJ 88081",+234-00788044648,Philisse.Overcash@example.com,1980-09-01,M,M
PO-19195,Phillina,Ober,"Unit 6703 Box 5078, DPO AA 13150",+234-00653404446,Phillina.Ober@example.com,1976-06-06,S,F
PO-8850,Patrick,O'Brill,"456 Martinez Ports Apt. 156, Lake Molly, ID 58821",+234-00976963568,Patrick.O'Brill@example.com,1973-09-03,M,F
PO-8865,Patrick,O'Donnell,"3360 Robyn Spur, Toddside, KY 82613",+234-00809328016,Patrick.O'Donnell@example.com,1977-06-03,M,M
PO-9180,Philisse,Overcash,"144 Cox Trail Suite 188, Josephland, VA 78177",+234-00809822583,Philisse.Overcash@example.com,1970-10-22,M,F
PO-9195,Phillina,Ober,"5120 Allen Branch Suite 682, Dixonburgh, LA 06738",+234-00311804393,Phillina.Ober@example.com,1990-02-03,M,M
PP-18955,Paul,Prost,"00323 King Mission, Watsonview, MH 93299",+234-00503637208,Paul.Prost@example.com,1976-02-04,S,M
PP-8955,Maria,Carter,"429 Thompson Hill, Barkershire, NE 60630",+234-00149836096,Maria.Carter@example.com,1971-02-16,M,F
PR-18880,Patrick,Ryan,"163 Nathan Alley Suite 766, West Laurenton, MN 84424",+234-00402751179,Patrick.Ryan@example.com,1973-12-02,S,F
PR-8880,Patrick,Ryan,"420 Thompson Hill, Barkershire, NE 60630",+234-00302674667,Patrick.Ryan@example.com,1971-01-16,M,F
PS-18760,Pamela,Stobb,"5940 Sullivan Union Suite 999, Obrienmouth, LA 81492",+234-00473423975,Pamela.Stobb@example.com,1994-06-02,S,M
PS-18970,Paul,Stevenson,"226 Jenna Bypass Suite 162, Lake Mark, DC 72452",+234-00301197308,Paul.Stevenson@example.com,NULL,S,M
PS-19045,Penelope,Sewall,"Unit 5279 Box 0152, DPO AP 16723",+234-00327015076,Penelope.Sewall@example.com,1992-09-04,M,M
PS-8760,Jennifer,Russell,"7594 Goodwin Walks Apt. 753, Rickymouth, NH 99447",+234-00391097172,Jennifer.Russell@example.com,1976-11-05,S,F
PS-8970,Paul,Stevenson,"4567 Laura Plains, Loweside, NJ 90836",+234-00809822583,Paul.Stevenson@example.com,1974-08-12,M,M
PS-9045,Devin,Brooks,"6364 Curtis Radial Apt. 095, Perkinsborough, MS 65330",+234-00556385322,Devin.Brooks@example.com,1976-02-06,M,F
PT-19090,Pete,Takahito,"54929 Sanders Garden Apt. 606, Lake Darrenhaven, SC 21038",+234-00319494202,Pete.Takahito@example.com,1978-07-08,S,M
PT-9090,Pete,Takahito,"6367 Curtis Radial Apt. 095, Perkinsborough, MS 65330",+234-00302674667,Pete.Takahito@example.com,1971-05-07,M,M
PV-18985,Paul,Van-Hugh,"58893 Gabriela Mills, Owensshire, DC 75397",+234-00284289836,Paul.Van-Hugh@example.com,1984-09-08,S,F
PV-8985,Paul,Van-Hugh,"793 Little Manors, North Stephanie, WY 13840",+234-00445003824,Paul.Van-Hugh@example.com,1992-06-02,S,F
PW-19030,Pauline,Webber,"Unit 2982 Box 9830, DPO AP 03602",+234-00189634840,Pauline.Webber@example.com,1973-07-02,M,F
PW-19240,Pierre,Wener,"30772 Thompson Vista, New Rachelhaven, ME 63301",+234-00320944023,Pierre.Wener@example.com,1999-10-25,S,F
PW-9030,Abigail,Price,"390 Michael Center Suite 129, Port Adamborough, ID 95950",+234-00319494202,Abigail.Price@example.com,1971-07-16,S,F
PW-9240,Pierre,Wener,"150 Cox Trail Suite 188, Josephland, VA 78177",+234-00138806509,Pierre.Wener@example.com,1983-11-26,M,M
QJ-19255,Quincy,Jones,"1818 Townsend Road Apt. 846, Brownshire, MI 03898",+234-00138786092,Quincy.Jones@example.com,1971-04-12,NULL,M
QJ-9255,Blake,Flores,"387 Michael Center Suite 129, Port Adamborough, ID 95950",+234-00847378354,Blake.Flores@example.com,1978-03-17,S,M
RA-19285,Ralph,Arnett,"03121 Williams Lakes, Lisashire, NY 75076",+234-00532840522,Ralph.Arnett@example.com,1978-05-02,M,M
RA-19885,Ruben,Ausman,"245 Castillo Mountain, North Melissa, MS 12407",+234-00679611566,Ruben.Ausman@example.com,1970-03-07,M,F
RA-19915,Russell,Applegate,"9444 Jessica Haven Apt. 378, Debbieberg, PW 56660",+234-00275906739,Russell.Applegate@example.com,1974-11-04,M,M
RA-19945,Ryan,Akin,"Unit 1649 Box 2081, DPO AP 03009",+234-00994434483,Ryan.Akin@example.com,1974-08-08,NULL,F
RA-9285,Ralph,Arnett,"29543 Everett Ways Apt. 023, Port Anthony, UT 27020",+234-00659382608,Ralph.Arnett@example.com,1998-07-25,S,M
RA-9885,Colin,Lin,"23288 Hogan Courts Suite 082, East George, MI 74586",+234-00138806509,Colin.Lin@example.com,1990-11-01,M,M
RA-9915,Theresa,Serrano,"708 Hurley Square Apt. 781, Newtonburgh, UT 40672",+234-00214466749,Theresa.Serrano@example.com,1977-07-25,S,F
RA-9945,Ryan,Akin,"385 Michael Center Suite 129, Port Adamborough, ID 95950",+234-00745919107,Ryan.Akin@example.com,1992-01-01,S,M
RB-19330,Randy,Bradley,"3116 Brown Circles Apt. 561, North Ariel, IL 64554",+234-00278484468,Randy.Bradley@example.com,1970-11-08,NULL,F
RB-19360,Raymond,Buch,"814 Daniel Oval, East Henryhaven, ME 40593",+234-00334277694,Raymond.Buch@example.com,1998-02-04,S,F
RB-19435,Richard,Bierner,"USS Everett, FPO AE 34767",+234-00765772329,Richard.Bierner@example.com,1972-10-02,M,M
RB-19465,Rick,Bensley,"364 Robert Stream, Jonesmouth, MA 55583",+234-00886929843,Rick.Bensley@example.com,1996-06-03,M,M
RB-19570,Rob,Beeghly,"72287 Elizabeth Lock, Collinston, PA 36780",+234-00454704871,Rob.Beeghly@example.com,1980-11-01,S,F
RB-19645,Robert,Barroso,"23286 Hogan Courts Suite 082, East George, MI 74586",+234-00781174284,Robert.Barroso@example.com,1984-01-12,M,F
RB-19705,Roger,Barcio,"7545 Douglas Meadow Suite 803, West Kyleberg, NE 71529",+234-00179547782,Roger.Barcio@example.com,1974-01-07,M,F
RB-19795,Ross,Baird,"218 Hayes Square, Port Sarahland, GA 54947",+234-00565597073,Ross.Baird@example.com,1982-04-08,M,F
RB-9330,Randy,Bradley,"6363 Curtis Radial Apt. 095, Perkinsborough, MS 65330",+234-00578940920,Randy.Bradley@example.com,1998-07-05,M,F
RB-9360,Jacqueline,Bennett,"60480 Howard Drives Apt. 204, Rodneyside, GU 16767",+234-00138802156,Jacqueline.Bennett@example.com,1973-02-03,M,M
RB-9435,Richard,Bierner,"7174 Kristin Meadow, New Nicholasbury, OR 31436",+234-00443574148,Richard.Bierner@example.com,1991-02-03,M,F
RB-9465,Rick,Bensley,"00767 Lam Pine, Nicholeville, OH 39050",+234-00903024820,Rick.Bensley@example.com,1981-10-01,M,F
RB-9570,Crystal,Wang,"1170 Lane Harbor, Lake Sarahbury, NY 37259",+234-00138806509,Crystal.Wang@example.com,1976-11-25,S,F
RB-9645,Robert,Barroso,"94308 Robert Light Apt. 356, West Jennifermouth, ND 68275",+234-00238813905,Robert.Barroso@example.com,1978-04-25,S,F
RB-9705,Roger,Barcio,"47546 Ford Glens Apt. 713, New Craigberg, NM 31394",+234-00650402180,Roger.Barcio@example.com,1971-02-07,M,M
RB-9795,Erica,Huang,"1175 Lane Harbor, Lake Sarahbury, NY 37259",+234-00238813905,Erica.Huang@example.com,1975-04-28,M,F
RC-19825,Roy,Collins,"8310 Riddle Estate, Gloverside, FL 29911",+234-00506825893,Roy.Collins@example.com,1970-04-10,S,M
RC-19960,Ryan,Crowe,"137 Hogan Trail, Kathrynport, ND 63712",+234-00214466749,Ryan.Crowe@example.com,1977-10-16,M,M
RC-9825,Gabrielle,Lopez,"30771 Thompson Vista, New Rachelhaven, ME 63301",+234-00745919107,Gabrielle.Lopez@example.com,1979-10-12,S,F
RC-9960,Ryan,Crowe,"898 Castillo Cliff, Tiffanymouth, WY 33824",+234-00224488438,Ryan.Crowe@example.com,1996-02-17,S,M
RD-19480,Rick,Duston,"27620 Regina Forks Suite 703, Hinesborough, ND 04479",+234-00449207764,Rick.Duston@example.com,1995-05-05,M,M
RD-19585,Rob,Dowd,"66537 Jacqueline Falls Suite 723, North Danielberg, DC 71410",+234-00725489857,Rob.Dowd@example.com,1971-05-03,M,F
RD-19660,Robert,Dilbeck,"373 Miller Cove Suite 306, Benjaminberg, VI 90709",+234-00742064103,Robert.Dilbeck@example.com,1980-02-01,M,M
RD-19720,Roger,Demir,"464 Erika Landing Suite 499, Contrerashaven, TN 04502",+234-00554049852,Roger.Demir@example.com,1972-08-09,M,M
RD-19810,Ross,Devincentis,"1174 Lane Harbor, Lake Sarahbury, NY 37259",+234-00320944023,Ross.Devincentis@example.com,1975-11-10,M,F
RD-19900,Ruben,Dartt,"65690 Bruce Ford Apt. 828, Millstown, MD 02586",+234-00873130527,Ruben.Dartt@example.com,1995-04-07,M,M
RD-19930,Russell,D'Ascenzo,"2259 Marks Trace, New Norma, NM 51863",+234-00371729446,Russell.D'Ascenzo@example.com,1972-09-09,M,M
RD-9480,Tamara,Liang,"4570 Laura Plains, Loweside, NJ 90836",+234-00406146043,Tamara.Liang@example.com,1971-07-26,S,F
RD-9585,Rob,Dowd,"9392 Owens Squares Suite 721, Port Charles, DE 01391",+234-00433756456,Rob.Dowd@example.com,1991-02-22,S,F
RD-9660,Robert,Dilbeck,"85924 Brian Crossroad Suite 596, Port Timothyfurt, IL 93272",+234-00314018617,Robert.Dilbeck@example.com,1971-06-02,M,M
RD-9720,Roger,Demir,"1348 Boyd Square Apt. 193, Jasonbury, WV 17185",+234-00678139616,Roger.Demir@example.com,1971-02-09,M,M
RD-9810,Ross,Devincentis,"139 Danielle Land, Michellefurt, MH 92059",+234-00926734488,Ross.Devincentis@example.com,1977-10-14,S,M
RD-9900,Ruben,Dartt,"523 Moss View Apt. 001, Downsland, RI 47917",+234-00354505325,Ruben.Dartt@example.com,1973-02-07,S,F
RD-9930,Russell,D'Ascenzo,"4726 Timothy Crest, South Maria, MP 75643",+234-00328915453,Russell.D'Ascenzo@example.com,1979-03-12,M,F
RE-19405,Ricardo,Emerson,"6092 Diana Crossing Apt. 795, East Nathantown, RI 81216",+234-00693021895,Ricardo.Emerson@example.com,1972-03-01,S,F
RE-19450,Richard,Eichhorn,"097 Deborah Bypass, Scottfort, MN 48989",+234-00129187594,Richard.Eichhorn@example.com,NULL,M,M
RE-9405,Jessie,Liu,"146 Cox Trail Suite 188, Josephland, VA 78177",+234-00603875651,Jessie.Liu@example.com,1975-10-02,S,M
RE-9450,Richard,Eichhorn,"80713 Nicole River, South Vincent, UT 60966",+234-00572971472,Richard.Eichhorn@example.com,1999-11-12,M,F
RF-19345,Randy,Ferguson,"PSC 3561, Box 3781, APO AE 10387",+234-00982104531,Randy.Ferguson@example.com,1978-10-09,S,M
RF-19735,Roland,Fjeld,"97988 Larry Shoals, Olsonchester, VT 27592",+234-00959547533,Roland.Fjeld@example.com,1973-01-04,S,M
RF-19840,Roy,Französisch,"25782 Wood Ferry, Williamsberg, SD 52962",+234-00715202453,Roy.Französisch@example.com,1979-09-01,M,M
RF-9345,Randy,Ferguson,"132 Joseph Isle Apt. 422, Blackton, IA 65401",+234-00198196470,Randy.Ferguson@example.com,1977-06-22,S,M
RF-9735,Tiffany,Liang,"49 Allison Burgs, Lukeshire, IA 99448",+234-00583604056,Tiffany.Liang@example.com,1974-08-06,S,M
RF-9840,Samantha,Long,"147 Cox Trail Suite 188, Josephland, VA 78177",+234-00137313993,Samantha.Long@example.com,1995-03-09,M,M
RH-19495,Rick,Hansen,"12772 Stephens Mews Suite 920, Lake Frederick, MN 09653",+234-00338384191,Rick.Hansen@example.com,1976-04-08,M,M
RH-19510,Rick,Huthwaite,"60055 Sloan Expressway, West Davidfort, ND 06760",+234-00143699804,Rick.Huthwaite@example.com,1979-05-03,NULL,F
RH-19555,Ritsa,Hightower,"4759 Edwards Plaza, Erinfurt, DC 21440",+234-00469665947,Ritsa.Hightower@example.com,1999-01-08,M,F
RH-19600,Gilbert,Raje,"438 Barron Junctions, Thomasview, NE 00625",+234-00302674667,Gilbert.Raje@example.com,1970-02-19,M,F
RH-9495,Rick,Hansen,"23580 Joseph Villages, Bridgesside, OK 37908",+234-00538585505,Rick.Hansen@example.com,1981-02-03,S,F
RH-9510,Diana,Hernandez,"705 Hurley Square Apt. 781, Newtonburgh, UT 40672",+234-00423994031,Diana.Hernandez@example.com,1975-03-09,M,F
RH-9555,Ritsa,Hightower,"6652 Shannon Pine Suite 749, Annside, VT 62782",+234-00862478706,Ritsa.Hightower@example.com,1999-12-05,S,M
RH-9600,Rob,Haberlin,"4309 Lewis Gardens, West Mark, VI 24519",+234-00559382738,Rob.Haberlin@example.com,1973-02-07,S,F
RK-19300,Ralph,Kennedy,"PSC 3010, Box 0444, APO AA 18820",+234-00341224492,Ralph.Kennedy@example.com,1979-07-05,S,M
RK-9300,Victoria,Stewart,"439 Barron Junctions, Thomasview, NE 00625",+234-00978932461,Victoria.Stewart@example.com,1991-04-11,M,M
RL-19615,Rob,Lucas,"027 James Islands, Port Emma, MN 97181",+234-00496946011,Rob.Lucas@example.com,1994-11-05,S,F
RL-9615,Rob,Lucas,"8317 Khan Passage Apt. 654, Charlotteville, CO 04131",+234-00249943349,Rob.Lucas@example.com,1970-08-02,S,F
RM-19375,Raymond,Messe,"14448 Wall Knolls, Smithmouth, IL 19823",+234-00433523187,Raymond.Messe@example.com,1978-01-02,S,F
RM-19675,Robert,Marley,"60843 Garner Lodge, Brandonstad, NE 92881",+234-00991348456,Robert.Marley@example.com,1977-01-10,S,M
RM-19750,Roland,Murray,"151 Cox Trail Suite 188, Josephland, VA 78177",+234-00224195817,Roland.Murray@example.com,1973-11-14,M,F
RM-9375,Bethany,Yuan,"23286 Hogan Courts Suite 082, East George, MI 74586",+234-00822658424,Bethany.Yuan@example.com,1998-08-20,M,M
RM-9675,Robert,Marley,"PSC 5170, Box 4915, APO AE 91737",+234-00149836096,Robert.Marley@example.com,1971-11-26,M,M
RM-9750,Abby,Sai,"94308 Robert Light Apt. 356, West Jennifermouth, ND 68272",+234-00126603940,Abby.Sai@example.com,1970-01-22,S,M
RO-19780,Rose,O'Brian,"USNS Reyes, FPO AA 43375",+234-00875902442,Rose.O'Brian@example.com,1999-08-09,NULL,M
RO-9780,Rose,O'Brian,"0277 Powell Loaf, East David, IA 33355",+234-00575708937,Rose.O'Brian@example.com,1978-09-09,M,M
RP-19270,Rachel,Payne,"08622 Morris Unions Suite 499, Port Michael, ND 83975",+234-00122600051,Rachel.Payne@example.com,1979-06-10,S,F
RP-19390,Resi,Pölking,"1531 Wagner Fort Apt. 323, Russellport, AK 67062",+234-00359988197,Resi.Pölking@example.com,1996-07-01,M,F
RP-19855,Roy,Phan,"699 Simon Oval, East Thomasmouth, IN 33158",+234-00963772042,Roy.Phan@example.com,1997-12-04,M,M
RP-9270,James,Williams,"7591 Goodwin Walks Apt. 753, Rickymouth, NH 99447",+234-00138802156,James.Williams@example.com,1978-05-27,M,F
RP-9390,Resi,Pölking,"60482 Howard Drives Apt. 204, Rodneyside, GU 16767",+234-00583604056,Resi.Pölking@example.com,1970-07-22,M,M
RP-9855,Roy,Phan,"53058 Moore Wells Suite 407, Edwardfort, WA 68987",+234-00665194052,Roy.Phan@example.com,1977-11-04,S,F
RR-19315,Ralph,Ritter,"27641 Daniel Groves, East Linda, FL 28355",+234-00241647777,Ralph.Ritter@example.com,1978-03-06,M,F
RR-19525,Rick,Reed,"74946 Christine Harbors, Leemouth, TX 62891",+234-00751822750,Rick.Reed@example.com,1996-04-03,M,F
RR-9315,Ralph,Ritter,"Unit 5122 Box 1673, DPO AE 17934",+234-00433756456,Ralph.Ritter@example.com,1990-02-19,M,F
RR-9525,Molly,Rodriguez,"1346 Boyd Square Apt. 193, Jasonbury, WV 17185",+234-00783132095,Molly.Rodriguez@example.com,1974-03-25,S,F
RS-19420,Ricardo,Sperren,"352 Lewis Lane, Petersonbury, AZ 58816",+234-00749043237,Ricardo.Sperren@example.com,1971-03-06,S,M
RS-19765,Roland,Schwarz,"4588 Joshua Knoll Suite 710, East Charles, MS 71040",+234-00188505382,Roland.Schwarz@example.com,1999-07-07,S,M
RS-19870,Roy,Skaria,"20191 John Squares Apt. 274, South Natalie, NE 63942",+234-00847353681,Roy.Skaria@example.com,1993-09-14,S,F
RS-9420,Jeremy,Anderson,"1178 Lane Harbor, Lake Sarahbury, NY 37259",+234-00678139616,Jeremy.Anderson@example.com,1977-05-17,M,M
RS-9765,Roland,Schwarz,"383 Michael Center Suite 129, Port Adamborough, ID 95950",+234-00224195817,Roland.Schwarz@example.com,1994-11-14,S,M
RS-9870,Roy,Skaria,"426 Thompson Hill, Barkershire, NE 60630",+234-00953546221,Roy.Skaria@example.com,1971-11-16,S,F
RW-19540,Rick,Wilson,"86245 Scott Springs, Port Shirleyport, MA 16592",+234-00441183189,Rick.Wilson@example.com,1996-12-06,S,F
RW-19630,Rob,Williams,"1340 Boyd Square Apt. 193, Jasonbury, WV 17185",+234-00138806509,Rob.Williams@example.com,1975-03-12,S,F
RW-19690,Robert,Waldorf,"609 Nicholas Center, West Kellytown, CA 40092",+234-00199380730,Robert.Waldorf@example.com,1972-02-01,M,F
RW-9540,Rick,Wilson,"433 Nicole Forest Apt. 148, Port Shannon, NV 02273",+234-00682083498,Rick.Wilson@example.com,NULL,M,M
RW-9630,Hunter,Robinson,"1172 Lane Harbor, Lake Sarahbury, NY 37259",+234-00249943349,Hunter.Robinson@example.com,1978-02-28,M,F
RW-9690,Sarah,Thomas,"7592 Goodwin Walks Apt. 753, Rickymouth, NH 99447",+234-00820315493,Sarah.Thomas@example.com,1975-05-12,M,F
SA-10830,Nicole,Ramirez,"384 Michael Center Suite 129, Port Adamborough, ID 95950",+234-00901786528,Nicole.Ramirez@example.com,1997-10-24,M,M
SA-20830,Sue,Ann-Reed,"851 Hannah Hills Suite 504, Tracyshire, IL 19160",+234-00548699542,Sue.Ann-Reed@example.com,1978-06-01,M,M
SB-10170,Sarah,Bern,"30772 Thompson Vista, New Rachelhaven, ME 63301",+234-00847378354,Sarah.Bern@example.com,1970-07-13,M,NA
SB-10185,Jan,Edwards,"9390 Owens Squares Suite 721, Port Charles, DE 01391",+234-00820315493,Jan.Edwards@example.com,1995-07-20,M,M
SB-10290,Sean,Braxton,"23282 Hogan Courts Suite 082, East George, MI 74586",+234-00423994031,Sean.Braxton@example.com,1977-04-08,S,F
SB-20170,Sarah,Bern,"341 Alexander Land, Haynesburgh, IL 37327",+234-00215884340,Sarah.Bern@example.com,1972-11-08,M,M
SB-20185,Sarah,Brown,"8387 Steele Throughway Suite 726, Luisshire, IL 68138",+234-00956366945,Sarah.Brown@example.com,1999-07-12,M,F
SB-20290,Sean,Braxton,"0196 Kenneth Shores Suite 396, New Christopher, MD 98972",+234-00707582877,Sean.Braxton@example.com,1985-06-04,M,F
SC-10020,Katelyn,Kelly,"30777 Thompson Vista, New Rachelhaven, ME 63301",+234-00556385322,Katelyn.Kelly@example.com,1991-03-09,M,M
SC-10095,Allison,Evans,"94308 Robert Light Apt. 356, West Jennifermouth, ND 68277",+234-00570260442,Allison.Evans@example.com,1977-12-09,S,F
SC-10230,Scot,Coram,"9094 Matthew Mission, Armstrongfurt, IN 02217",+234-00874082621,Scot.Coram@example.com,1979-06-12,S,F
SC-10260,Scott,Cohen,"PSC 5170, Box 4915, APO AE 91738",+234-00753221592,Scott.Cohen@example.com,1994-06-04,M,M
SC-10305,Sean,Christensen,"9701 Gonzalez Curve Apt. 602, Michaelberg, WA 96129",+234-00480016216,Sean.Christensen@example.com,1979-11-11,S,M
SC-10380,Shahid,Collister,"9389 Owens Squares Suite 721, Port Charles, DE 01391",+234-00990238153,Shahid.Collister@example.com,1977-05-15,S,M
SC-10440,Jesse,Murphy,"60481 Howard Drives Apt. 204, Rodneyside, GU 16767",+234-00224195817,Jesse.Murphy@example.com,1975-06-02,S,F
SC-10575,Katelyn,Sanchez,"54939 Sanders Garden Apt. 606, Lake Darrenhaven, SC 21038",+234-00126603940,Katelyn.Sanchez@example.com,1971-06-19,S,M
SC-10680,Steve,Carroll,"927 Griffin Causeway Suite 756, Velezview, MA 70637",+234-00107217266,Steve.Carroll@example.com,1990-05-01,S,M
SC-10695,Steve,Chapman,"698 Davis Corners Suite 237, Michelleborough, IN 27478",+234-00441463495,Steve.Chapman@example.com,1971-11-04,M,F
SC-10725,Steven,Cartwright,"211 Stacey Views Suite 817, West Matthewtown, MO 29335",+234-00831742052,Steven.Cartwright@example.com,1978-05-03,S,F
SC-10770,Stewart,Carmichael,"1344 Boyd Square Apt. 193, Jasonbury, WV 17185",+234-00953546221,Stewart.Carmichael@example.com,1970-05-22,M,F
SC-10800,Victoria,Lewis,"147 Cox Trail Suite 188, Josephland, VA 78177",+234-00371918403,Victoria.Lewis@example.com,1970-06-14,S,M
SC-10845,Sung,Chung,"431 Barron Junctions, Thomasview, NE 00625",+234-00149836096,Sung.Chung@example.com,1991-03-14,M,M
SC-20020,Sam,Craven,"371 Brooks Plains, North Patrickfurt, OR 84591",+234-00710290192,Sam.Craven@example.com,1977-07-12,M,M
SC-20050,Sample,Company,"USCGC Barnett, FPO AE 56943",+234-00257144561,Sample.Company@example.com,1974-10-05,S,M
SC-20095,Sanjit,Chand,"9957 Sims Lake Apt. 759, West Brent, CT 03220",+234-00314427845,Sanjit.Chand@example.com,1977-03-03,M,F
SC-20230,Scot,Coram,"80118 King Roads, North Charlesberg, MT 60079",+234-00530838220,Scot.Coram@example.com,1978-09-10,S,F
SC-20260,Scott,Cohen,"56063 Jackson Curve, Clarkton, SC 25834",+234-00574573443,Scott.Cohen@example.com,1979-03-02,M,F
SC-20305,Sean,Christensen,"1010 Gregory Square, Brandonchester, ME 73593",+234-00474129255,Sean.Christensen@example.com,1999-01-07,M,M
SC-20380,Shahid,Collister,"64415 Hannah Locks, South Benjaminmouth, PR 24270",+234-00280124957,Shahid.Collister@example.com,1981-10-01,M,M
SC-20440,Shaun,Chance,"7749 Schmidt Mount, East Susanshire, IL 06199",+234-00592931896,Shaun.Chance@example.com,1992-08-11,M,M
SC-20575,Sonia,Cooley,"862 Parker Estate Suite 165, East Rebeccaburgh, AZ 36178",+234-00262297505,Sonia.Cooley@example.com,1995-11-02,S,M
SC-20680,Steve,Carroll,"Unit 8526 Box 2548, DPO AE 44263",+234-00407623861,Steve.Carroll@example.com,1982-03-04,S,F
SC-20695,Steve,Chapman,"15288 Figueroa Corner, Lake Erica, KS 08669",+234-00938819220,Steve.Chapman@example.com,1996-08-01,M,F
SC-20725,Steven,Cartwright,"3562 Christina Route Apt. 639, East Ashley, IA 17076",+234-00322271599,Steven.Cartwright@example.com,1993-12-06,M,F
SC-20770,Stewart,Carmichael,"006 Velazquez Point Apt. 859, Tonyaville, WY 44989",+234-00666475052,Stewart.Carmichael@example.com,1971-04-08,S,M
SC-20800,Stuart,Calhoun,"146 Todd Tunnel, Kathleenberg, MT 89517",NULL,Stuart.Calhoun@example.com,1990-11-06,M,M
SC-20845,Sung,Chung,"4200 Williams Springs, Duffyfurt, IA 34683",+234-00682068021,Sung.Chung@example.com,1974-05-09,M,M
SD-10485,Shirley,Daniels,"54933 Sanders Garden Apt. 606, Lake Darrenhaven, SC 21038",+234-00371918403,Shirley.Daniels@example.com,1979-11-28,S,F
SD-20485,Shirley,Daniels,"Unit 1010 Box 5127, DPO AA 22907",+234-00570703972,Shirley.Daniels@example.com,1976-12-11,S,F
SE-10110,Adam,Ross,"42 Allison Burgs, Lukeshire, IA 99448",+234-00742024324,Adam.Ross@example.com,1971-08-10,S,F
SE-20110,Sanjit,Engle,"USNS Robinson, FPO AE 81832",+234-00905231977,Sanjit.Engle@example.com,1972-04-02,M,M
SF-10065,Sandra,Flanagan,"93404 Richard Meadow, East Timhaven, ME 07033",+234-00146902910,Sandra.Flanagan@example.com,1971-01-10,M,F
SF-10200,Sarah,Foster,"90042 Christopher Mountains, South Cheryl, MA 16738",+234-00124551453,Sarah.Foster@example.com,1973-07-07,S,M
SF-10965,Sylvia,Foulston,"834 Stacey Ridge, South Christopherville, ID 22189",+234-00188419731,Sylvia.Foulston@example.com,1999-02-11,S,M
SF-20065,Sandra,Flanagan,"6152 Thomas Mountains Suite 990, Melissaville, FL 61525",+234-00258015889,Sandra.Flanagan@example.com,1977-08-09,S,M
SF-20200,Sarah,Foster,"Unit 2287 Box 0021, DPO AP 16174",+234-00126705547,Sarah.Foster@example.com,1972-03-02,S,F
SF-20965,Sylvia,Foulston,"Unit 3804 Box 2110, DPO AE 22108",+234-00184058435,Sylvia.Foulston@example.com,1994-09-08,M,F
SG-10080,Sandra,Glassco,"43 Allison Burgs, Lukeshire, IA 99448",+234-00137313993,Sandra.Glassco@example.com,1979-10-12,M,M
SG-10470,Sheri,Gordon,"50063 Anne Knolls Apt. 913, Fischerberg, NC 27843",+234-00753495640,Sheri.Gordon@example.com,1975-03-12,S,F
SG-10605,Speros,Goranitis,"786 Santiago Mill, West Stevebury, OH 12851",+234-00288338359,Speros.Goranitis@example.com,NULL,S,F
SG-10890,Susan,Gilcrest,"6368 Curtis Radial Apt. 095, Perkinsborough, MS 65330",+234-00822658424,Susan.Gilcrest@example.com,1993-11-24,S,F
SG-20080,Sandra,Glassco,"578 Gates Ways Apt. 490, New Rachel, HI 98153",+234-00105459147,Sandra.Glassco@example.com,1979-05-03,S,F
SG-20470,Sheri,Gordon,"50064 Hernandez Crest, Ambermouth, SD 14108",+234-00865017983,Sheri.Gordon@example.com,1974-07-02,NULL,M
SG-20605,Speros,Goranitis,"662 Woods Plains, West Amy, VI 34447",+234-00976847207,Speros.Goranitis@example.com,1980-10-07,S,F
SG-20890,Susan,Gilcrest,"053 Young Heights, New Johnfurt, OK 64293",+234-00504405944,Susan.Gilcrest@example.com,1986-02-05,M,M
SH-10395,Robert,Collins,"440 Barron Junctions, Thomasview, NE 00625",+234-00563081378,Robert.Collins@example.com,1976-07-04,S,F
SH-10635,Luis,Diaz,"54935 Sanders Garden Apt. 606, Lake Darrenhaven, SC 21038",+234-00871865370,Luis.Diaz@example.com,1972-02-19,M,M
SH-19975,Sally,Hughsby,"1328 Robert Road, Port Lindsay, MT 16726",+234-00866266121,Sally.Hughsby@example.com,1976-02-03,M,F
SH-20395,Shahid,Hopkins,"PSC 5170, Box 4915, APO AE 91740",+234-00809822583,Shahid.Hopkins@example.com,1999-01-11,M,F
SH-20635,Stefanie,Holloman,"64761 Collins Road Apt. 989, Barnesport, ID 71444",+234-00429347074,Stefanie.Holloman@example.com,1970-06-04,M,M
SH-9975,Sally,Hughsby,"1573 Thomas Harbor, East Melissa, MH 06963",+234-00303282214,Sally.Hughsby@example.com,1971-01-04,M,F
SJ-10125,Sanjit,Jacobs,"94308 Robert Light Apt. 356, West Jennifermouth, ND 68277",+234-00753221592,Sanjit.Jacobs@example.com,1996-07-24,S,F
SJ-10215,Jill,Jimenez,"94308 Robert Light Apt. 356, West Jennifermouth, ND 68277",+234-00270217070,Jill.Jimenez@example.com,1998-08-10,M,M
SJ-10500,Hailey,Bryant,"144 Hogan Trail, Kathrynport, ND 63712",+234-00433756456,Hailey.Bryant@example.com,1971-03-18,M,M
SJ-20125,Sanjit,Jacobs,"8038 David Shoal Apt. 647, Johnsonchester, PR 53842",+234-00354265833,Sanjit.Jacobs@example.com,1999-11-06,M,F
SJ-20215,Sarah,Jordon,"846 Gonzalez Meadow, South Patriciaville, OH 37526",+234-00832045489,Sarah.Jordon@example.com,1973-05-05,M,M
SJ-20500,Shirley,Jackson,"USNV Barker, FPO AE 12878",+234-00431178811,Shirley.Jackson@example.com,1978-08-10,S,F
SK-19990,Sally,Knutson,"6322 Joann Parkway, Port Andre, SD 72147",+234-00392086883,Sally.Knutson@example.com,NULL,S,F
SK-9990,Sally,Knutson,"419 Thompson Hill, Barkershire, NE 60630",+234-00406146043,Sally.Knutson@example.com,1980-11-22,S,M
SL-10155,Sara,Luxemburg,"146 Cox Trail Suite 188, Josephland, VA 78177",+234-00371918403,Sara.Luxemburg@example.com,1978-06-04,M,M
SL-20155,Sara,Luxemburg,"385 Douglas Loaf Apt. 930, Ryanborough, OR 35089",+234-00767027639,Sara.Luxemburg@example.com,1970-03-04,S,F
SM-10005,Sally,Matthias,"80775 Peck Route Suite 982, Marilynstad, MT 25344",+234-00662573721,Sally.Matthias@example.com,1977-03-03,M,F
SM-10320,Sean,Miller,"10666 Manning Pass Suite 959, Bairdport, DE 36973",+234-00862862714,Sean.Miller@example.com,NULL,S,F
SM-10905,Susan,Mackendrick,"421 Thompson Hill, Barkershire, NE 60630",+234-00781174284,Susan.Mackendrick@example.com,1994-10-09,S,M
SM-10950,Dalton,Perez,"6369 Curtis Radial Apt. 095, Perkinsborough, MS 65330",+234-00563081378,Dalton.Perez@example.com,1971-04-25,S,M
SM-20005,Sally,Matthias,"06895 Christian Glen Apt. 504, Aprilside, OK 59678",+234-00767044597,Sally.Matthias@example.com,NULL,S,M
SM-20320,Sean,Miller,"0331 Cisneros Village, North Juan, IL 89765",+234-00235867513,Sean.Miller@example.com,NULL,S,M
SM-20905,Susan,Mackendrick,"PSC 6483, Box 6785, APO AP 45970",+234-00688346892,Susan.Mackendrick@example.com,1993-07-04,S,F
SM-20950,Suzanne,Mcnair,"2034 Odonnell Hill, Lozanochester, DC 48067",+234-00762323716,Suzanne.Mcnair@example.com,1976-02-03,M,M
SN-10560,Chloe,Young,"7593 Goodwin Walks Apt. 753, Rickymouth, NH 99447",+234-00249943349,Chloe.Young@example.com,1992-07-11,M,F
SN-10710,Jasmine,Coleman,"140 Hogan Trail, Kathrynport, ND 63712",+234-00219602225,Jasmine.Coleman@example.com,1998-08-10,S,F
SN-20560,Skye,Norling,"95576 Nicole Ranch Suite 488, Hollystad, DE 86995",+234-00151463876,Skye.Norling@example.com,1977-05-06,S,F
SN-20710,Steve,Nguyen,"71322 Cline Walk, West Kathryn, MI 66219",NULL,Steve.Nguyen@example.com,1998-08-01,M,F
SO-10335,Lauren,Walker,"150 Cox Trail Suite 188, Josephland, VA 78177",+234-00138802156,Lauren.Walker@example.com,1993-11-25,M,M
SO-20335,Sean,O'Donnell,"2660 Kimberly Courts, Lake Kaylaland, OR 56133",+234-00270716036,Sean.O'Donnell@example.com,1972-09-04,S,F
SP-10545,Larry,Munoz,"1176 Lane Harbor, Lake Sarahbury, NY 37259",+234-00149836096,Larry.Munoz@example.com,1996-10-28,M,M
SP-10620,Amanda,Cook,"154 Cox Trail Suite 188, Josephland, VA 78177",+234-00433756456,Amanda.Cook@example.com,1976-08-07,S,M
SP-10650,Alyssa,Cox,"PSC 5170, Box 4915, APO AE 91745",+234-00781174284,Alyssa.Cox@example.com,1972-07-19,S,F
SP-10860,Meghan,Hernandez,"46 Allison Burgs, Lukeshire, IA 99448",+234-00563081378,Meghan.Hernandez@example.com,1976-07-28,M,F
SP-10920,Chase,Reed,"427 Thompson Hill, Barkershire, NE 60630",+234-00847378354,Chase.Reed@example.com,1973-10-06,S,M
SP-20545,Sibella,Parks,"PSC 7897, Box 2571, APO AA 65876",+234-00787858340,Sibella.Parks@example.com,1971-09-07,M,M
SP-20620,Stefania,Perrino,"046 Lopez Street Apt. 391, Matthewberg, PR 28040",+234-00999175402,Stefania.Perrino@example.com,1979-05-03,M,M
SP-20650,Stephanie,Phelps,"23837 Patricia Creek Apt. 922, Port Jeffrey, AS 85687",+234-00751282139,Stephanie.Phelps@example.com,1971-12-05,S,M
SP-20860,Sung,Pak,"96032 Paula Land Apt. 457, Gutierrezburgh, TN 08268",+234-00331981877,Sung.Pak@example.com,1996-02-02,S,M
SP-20920,Susan,Pistek,"618 Vaughan Circle Suite 777, Ruizburgh, LA 44563",+234-00280386171,Susan.Pistek@example.com,1975-06-12,M,M
SR-10425,Charles,Jackson,"Unit 5122 Box 1673, DPO AE 17943",+234-00406146043,Charles.Jackson@example.com,1978-03-11,S,F
SR-10740,Steven,Roelle,"9395 Owens Squares Suite 721, Port Charles, DE 01391",+234-00264581441,Steven.Roelle@example.com,1985-10-10,S,F
SR-20425,Sharelle,Roach,"27112 Alejandro Trace, Port Richard, SC 30676",+234-00511679481,Sharelle.Roach@example.com,1974-03-23,M,F
SR-20740,Steven,Roelle,"0443 Michael Turnpike Apt. 726, West Sherri, CT 70980",+234-00505725219,Steven.Roelle@example.com,1980-05-03,S,F
SS-10140,Saphhira,Shifley,"9391 Owens Squares Suite 721, Port Charles, DE 01391",+234-00583604056,Saphhira.Shifley@example.com,1998-02-25,M,M
SS-10410,Shahid,Shariari,"568 Jackson Viaduct Apt. 164, Hessstad, WI 27437",+234-00665939377,Shahid.Shariari@example.com,1998-11-06,M,F
SS-10515,David,Rodriguez,"Unit 5122 Box 1673, DPO AE 17938",+234-00270217070,David.Rodriguez@example.com,1976-12-22,M,F
SS-10590,Sonia,Sunley,"423 Thompson Hill, Barkershire, NE 60630",+234-00990238153,Sonia.Sunley@example.com,1979-10-02,M,F
SS-10875,Ashley,Martinez,"141 Hogan Trail, Kathrynport, ND 63712",+234-00990238153,Ashley.Martinez@example.com,1976-09-09,M,M
SS-20140,Saphhira,Shifley,"8867 Jason Drive Apt. 592, East Marissa, PA 12721",+234-00672613560,Saphhira.Shifley@example.com,1971-07-02,S,F
SS-20410,Shahid,Shariari,"10832 Greer Hollow, Lake Debra, NY 27179",+234-00369820805,Shahid.Shariari@example.com,1975-07-06,S,M
SS-20515,Shirley,Schmidt,"143 Hogan Trail, Kathrynport, ND 63712",+234-00391097172,Shirley.Schmidt@example.com,1996-10-15,S,F
SS-20590,Sonia,Sunley,"30613 Wells Vista Suite 535, Port Leslie, IA 87402",+234-00679009984,Sonia.Sunley@example.com,1973-06-03,M,F
SS-20875,Sung,Shariari,"142 Hogan Trail, Kathrynport, ND 63712",+234-00249943349,Sung.Shariari@example.com,1995-09-23,M,M
ST-10530,Chloe,Garcia,"20197 John Squares Apt. 274, South Natalie, NE 63942",+234-00781174284,Chloe.Garcia@example.com,1976-09-09,M,F
ST-20530,Shui,Tom,"6214 Davila Park, Carolynfort, AZ 74161",+234-00792388962,Shui.Tom@example.com,1991-08-02,S,F
SU-10665,Stephanie,Ulpright,"Unit 5122 Box 1673, DPO AE 17938",+234-00319494202,Stephanie.Ulpright@example.com,1991-02-08,S,F
SU-20665,Stephanie,Ulpright,"8190 Elizabeth Center, West Samantha, GU 57039",+234-00818699929,Stephanie.Ulpright@example.com,1971-10-10,M,F
SV-10365,Seth,Vernon,"Unit 5122 Box 1673, DPO AE 17939",+234-00578940920,Seth.Vernon@example.com,1982-11-08,M,M
SV-10785,Stewart,Visinsky,"6941 Adams Manors, North Amy, OH 09565",+234-00971412949,Stewart.Visinsky@example.com,1981-11-01,S,F
SV-10815,Stuart,Van,"245 Eric Rue Suite 346, Hughesview, NY 15177",+234-00454509243,Stuart.Van@example.com,1994-06-02,M,M
SV-10935,Julia,Wright,"433 Barron Junctions, Thomasview, NE 00625",+234-00753221592,Julia.Wright@example.com,1995-10-10,M,F
SV-20365,Seth,Vernon,"75519 Hernandez Cliff Suite 967, Weaverberg, SD 67825",+234-00456120528,Seth.Vernon@example.com,1996-03-09,M,F
SV-20785,Stewart,Visinsky,"075 Alexandra Knoll, Raymondtown, MA 66179",+234-00973420559,Stewart.Visinsky@example.com,1976-04-09,M,M
SV-20815,Stuart,Van,"59040 Ruiz Fields Apt. 189, Romerofort, WA 92336",+234-00581280569,Stuart.Van@example.com,1994-09-03,M,M
SV-20935,Susan,Vittorini,"32797 Estrada Land, Youngtown, ME 23060",+234-00838658135,Susan.Vittorini@example.com,NULL,M,M
SW-10245,Scot,Wooten,"153 Brown Island Apt. 539, South Anthonyside, NH 58158",+234-00448971619,Scot.Wooten@example.com,1992-07-07,M,F
SW-10275,Scott,Williamson,"612 Hudson Crest Apt. 919, Ericberg, NV 28542",+234-00954891019,Scott.Williamson@example.com,1972-10-02,M,M
SW-10350,Alvin,Cai,"1343 Boyd Square Apt. 193, Jasonbury, WV 17185",+234-00583604056,Alvin.Cai@example.com,1993-03-12,M,M
SW-10455,Shaun,Weien,"1171 Lane Harbor, Lake Sarahbury, NY 37259",+234-00901786528,Shaun.Weien@example.com,1971-04-16,M,F
SW-10755,Edwin,Nara,"4562 Laura Plains, Loweside, NJ 90836",+234-00953546221,Edwin.Nara@example.com,1971-05-09,S,F
SW-20245,Scot,Wooten,"982 Porter Union, West Jonathan, VA 31498",+234-00667977038,Scot.Wooten@example.com,1994-10-02,S,F
SW-20275,Scott,Williamson,"6117 Morales Wells Apt. 063, Port Scottfurt, PW 08827",+234-00698131179,Scott.Williamson@example.com,1998-12-05,NULL,F
SW-20350,Sean,Wendt,"20694 Kyle Light Apt. 301, Leetown, NC 58164",+234-00735829799,Sean.Wendt@example.com,1979-11-03,M,F
SW-20455,Shaun,Weien,"6359 Curtis Radial Apt. 095, Perkinsborough, MS 65330",+234-00320944023,Shaun.Weien@example.com,1972-03-16,M,M
SW-20755,Steven,Ward,"Unit 6998 Box 3970, DPO AA 45401",+234-00924704188,Steven.Ward@example.com,1978-08-12,M,F
SZ-10035,Anna,Griffin,"Unit 5122 Box 1673, DPO AE 17941",+234-00637142888,Anna.Griffin@example.com,1985-05-26,S,M
SZ-20035,Sam,Zeldin,"32591 Nathan Mall, Lake Javier, TN 05196",+234-00430426686,Sam.Zeldin@example.com,1977-08-09,S,F
TA-11385,Tom,Ashbrook,"16528 Kelly Grove, Wrightland, ME 67008",+234-00751352283,Tom.Ashbrook@example.com,1973-08-12,S,F
TA-21385,Tom,Ashbrook,"96752 Christopher Squares Apt. 590, Davisport, NJ 23790",+234-00199134292,Tom.Ashbrook@example.com,1989-04-03,M,F
TB-11055,Ted,Butterfield,"636 Peter Station, Port Brianside, CO 14186",+234-00986212907,Ted.Butterfield@example.com,1982-05-03,M,M
TB-11175,Thomas,Boland,"6362 Curtis Radial Apt. 095, Perkinsborough, MS 65330",+234-00753221592,Thomas.Boland@example.com,1979-10-18,S,F
TB-11190,Thomas,Brumley,"1173 Lane Harbor, Lake Sarahbury, NY 37259",+234-00433756456,Thomas.Brumley@example.com,1996-12-05,S,F
TB-11250,Tim,Brockman,"1226 David Divide Apt. 194, Fuenteschester, MD 03967",+234-00555945201,Tim.Brockman@example.com,1998-10-21,S,F
TB-11280,Eugene,Huang,"54934 Sanders Garden Apt. 606, Lake Darrenhaven, SC 21038",+234-00214466749,Eugene.Huang@example.com,1993-06-06,M,M
TB-11355,Jon,Luo,"421 Thompson Hill, Barkershire, NE 60630",+234-00871865370,Jon.Luo@example.com,1970-02-19,S,M
TB-11400,Tom,Boeckenhauer,"44 Allison Burgs, Lukeshire, IA 99448",+234-00871865370,Tom.Boeckenhauer@example.com,1997-10-24,M,M
TB-11520,Tracy,Blumstein,"357 James Ford Suite 273, New Kimberlyborough, PA 79119",+234-00314480048,Tracy.Blumstein@example.com,1978-09-05,S,F
TB-11595,Troy,Blackwell,"1346 Boyd Square Apt. 193, Jasonbury, WV 17185",+234-00149836096,Troy.Blackwell@example.com,1997-11-18,M,F
TB-11625,Trudy,Brown,"6714 Cameron Isle, West Elizabeth, ME 82428",+234-00717114718,Trudy.Brown@example.com,1979-03-02,M,F
TB-21055,Ted,Butterfield,"PSC 7205, Box 8900, APO AP 18934",+234-00715502407,Ted.Butterfield@example.com,1995-10-09,S,F
TB-21175,Thomas,Boland,"13244 Dillon Trafficway Apt. 063, West Joshuaburgh, VI 59100",+234-00247121731,Thomas.Boland@example.com,1979-12-06,S,F
TB-21190,Thomas,Brumley,"105 Grant Keys Suite 674, Cobbland, OH 62055",+234-00724872955,NULL,1978-10-03,M,M
TB-21250,Tim,Brockman,"04557 Ayers Row Suite 859, North Casey, ME 51345",+234-00104668701,Tim.Brockman@example.com,1976-01-01,M,M
TB-21280,Toby,Braunhardt,"PSC 2203, Box 8297, APO AA 33235",+234-00746836180,Toby.Braunhardt@example.com,1971-03-05,M,M
TB-21355,Todd,Boyes,"Unit 9884 Box 9531, DPO AE 29424",+234-00113851262,Todd.Boyes@example.com,1978-12-05,S,F
TB-21400,Tom,Boeckenhauer,"3285 Bryce Union, Villaburgh, NV 65112",+234-00759226451,Tom.Boeckenhauer@example.com,1991-05-08,M,M
TB-21520,Tracy,Blumstein,"7405 Weaver Brook Apt. 632, Ryanhaven, AK 55583",+234-00828537072,Tracy.Blumstein@example.com,1979-07-12,M,F
TB-21595,Troy,Blackwell,"698 Hurley Square Apt. 781, Newtonburgh, UT 40672",+234-00391097172,Troy.Blackwell@example.com,1976-10-27,M,M
TB-21625,Trudy,Brown,"55187 Cole Walk, North Matthew, NE 97530",+234-00327700147,Trudy.Brown@example.com,1973-12-11,S,F
TC-10980,Tamara,Chand,"641 Jennifer Field Suite 196, Vanessafurt, CT 38796",+234-00399300247,Tamara.Chand@example.com,1974-09-02,M,F
TC-11145,Theresa,Coyne,"58375 Angelica Island Apt. 808, West Trevorbury, NY 29382",+234-00974002319,Theresa.Coyne@example.com,1980-06-02,M,F
TC-11295,Toby,Carlisle,"58120 Danielle Green Apt. 829, Lewisfurt, ID 56270",+234-00801520626,Toby.Carlisle@example.com,1978-07-04,S,F
TC-11475,Tony,Chapman,"23281 Hogan Courts Suite 082, East George, MI 74586",+234-00578940920,Tony.Chapman@example.com,1996-11-17,M,F
TC-11535,Tracy,Collins,"35439 Cox Loaf Apt. 454, East Jonathanmouth, DE 81189",+234-00742024324,Tracy.Collins@example.com,1977-11-27,M,F
TC-20980,Tamara,Chand,"92691 French Manor, Lake Kimberly, WY 46933",+234-00706050311,Tamara.Chand@example.com,1998-07-09,M,M
TC-21145,Theresa,Coyne,"8688 Buckley Square Suite 324, Brianville, AS 58167",+234-00744557845,Theresa.Coyne@example.com,1977-02-03,M,M
TC-21295,Toby,Carlisle,"9229 Elizabeth Club, Port Denise, VT 49475",+234-00896405093,Toby.Carlisle@example.com,1992-04-07,S,M
TC-21475,Tony,Chapman,"4568 Laura Plains, Loweside, NJ 90836",+234-00742024324,Tony.Chapman@example.com,1971-02-03,S,F
TC-21535,Tracy,Collins,"58055 Jose Light Suite 101, Ramirezside, MN 36510",+234-00371425556,Tracy.Collins@example.com,1972-02-04,M,F
TD-10995,Tamara,Dahlen,"PSC 5170, Box 4915, APO AE 91741",+234-00637142888,Tamara.Dahlen@example.com,1996-04-16,M,F
TD-20995,Tamara,Dahlen,"5804 Jacob Loaf, New James, TN 89516",+234-00767280680,Tamara.Dahlen@example.com,1999-02-27,M,F
TG-11310,Megan,Sanchez,"1348 Boyd Square Apt. 193, Jasonbury, WV 17185",+234-00319494202,Megan.Sanchez@example.com,1975-05-22,S,M
TG-11640,Trudy,Glocke,"Unit 5609 Box 1544, DPO AP 71203",+234-00910340032,Trudy.Glocke@example.com,1976-04-09,M,F
TG-21310,Toby,Gnade,"352 Whitehead Forest, Port Tom, KS 71021",+234-00907898895,Toby.Gnade@example.com,1974-05-11,S,M
TG-21640,Trudy,Glocke,"462 Theresa Summit, South Martinberg, VT 83397",+234-00822474754,Trudy.Glocke@example.com,1977-04-07,M,M
TH-11100,Jessica,Henderson,"54937 Sanders Garden Apt. 606, Lake Darrenhaven, SC 21038",+234-00138806509,Jessica.Henderson@example.com,1973-06-27,M,M
TH-11115,Thea,Hudgings,"PSC 5170, Box 4915, APO AE 91738",+234-00270217070,Thea.Hudgings@example.com,1980-12-04,S,M
TH-11235,Tiffany,House,"65807 Mark Trail Suite 666, West Roberttown, AK 46036",+234-00647682197,Tiffany.House@example.com,1977-09-03,M,F
TH-11550,Sydney,Ross,"54936 Sanders Garden Apt. 606, Lake Darrenhaven, SC 21038",+234-00781174284,Sydney.Ross@example.com,1972-05-26,S,F
TH-21100,Thea,Hendricks,"420 Martinez Hill Suite 067, Port Robin, PR 57510",+234-00846293808,Thea.Hendricks@example.com,1976-11-01,M,M
TH-21115,Thea,Hudgings,"108 Chavez Unions, New Madeline, UT 57757",+234-00406146043,Thea.Hudgings@example.com,1999-05-26,S,F
TH-21235,Tiffany,House,"5084 Horne Row Suite 136, East Jasmineview, OR 79062",+234-00328030675,Tiffany.House@example.com,1974-06-12,S,F
TH-21550,Tracy,Hopkins,"1174 Victoria Mountains Apt. 553, Port Aaron, FL 37767",NULL,Tracy.Hopkins@example.com,1981-11-10,M,M
TM-11010,Jeremy,Butler,"152 Cox Trail Suite 188, Josephland, VA 78177",+234-00901786528,Jeremy.Butler@example.com,1972-10-04,M,M
TM-11490,Maria,Roberts,"60478 Howard Drives Apt. 204, Rodneyside, GU 16767",+234-00871865370,Maria.Roberts@example.com,1978-06-11,M,M
TM-21010,Tamara,Manning,"0532 Wood Crescent, Crystalchester, GU 55727",+234-00455747720,Tamara.Manning@example.com,1992-02-03,M,F
TM-21490,Tony,Molinari,"4155 Higgins Pines Suite 098, South Alicia, ID 52920",+234-00873687954,Tony.Molinari@example.com,1975-09-01,M,F
TN-11040,Hunter,Griffin,"60484 Howard Drives Apt. 204, Rodneyside, GU 16767",+234-00953546221,Hunter.Griffin@example.com,1993-05-27,S,M
TN-21040,Tanja,Norvell,"172 Wagner Drive Suite 054, Waltersbury, DC 80989",+234-00517810302,Tanja.Norvell@example.com,1978-10-03,S,M
TP-11130,Theone,Pippenger,"60481 Howard Drives Apt. 204, Rodneyside, GU 16767",+234-00901786528,Theone.Pippenger@example.com,1972-03-14,M,M
TP-11415,Tom,Prescott,"660 Ann Shore, North Sonyamouth, CO 41478",+234-00356726251,Tom.Prescott@example.com,1981-03-02,M,F
TP-11565,Tracy,Poddar,"9390 Owens Squares Suite 721, Port Charles, DE 01391",+234-00224195817,Tracy.Poddar@example.com,1977-10-01,M,M
TP-21130,Theone,Pippenger,"1339 Collins Crescent, New Ashleyfurt, ME 56082",+234-00231896136,Theone.Pippenger@example.com,1996-03-07,M,F
TP-21415,Tom,Prescott,"13336 Cole Wells, Hayesborough, PR 85352",+234-00166784064,Tom.Prescott@example.com,1974-07-06,NULL,NA
TP-21565,Tracy,Poddar,"149 Cox Trail Suite 188, Josephland, VA 78177",+234-00563081378,Tracy.Poddar@example.com,1991-08-03,M,M
TR-11325,Toby,Ritter,"01099 Rice Overpass Apt. 208, South Brenda, VI 16432",+234-00263454778,Toby.Ritter@example.com,1991-03-08,M,M
TR-21325,Toby,Ritter,"566 Adkins Islands, Williamsshire, MA 77316",+234-00815409492,Toby.Ritter@example.com,1993-03-07,M,M
TS-11085,Nathan,Johnson,"PSC 5170, Box 4915, APO AE 91741",+234-00423994031,Nathan.Johnson@example.com,1974-04-03,S,F
TS-11160,Kari,Alvarez,"30770 Thompson Vista, New Rachelhaven, ME 63301",+234-00249943349,Kari.Alvarez@example.com,1976-03-07,S,M
TS-11205,Thomas,Seio,"60479 Howard Drives Apt. 204, Rodneyside, GU 16767",+234-00563081378,Thomas.Seio@example.com,1996-03-02,M,M
TS-11340,Toby,Swindell,"20194 John Squares Apt. 274, South Natalie, NE 63942",+234-00371918403,Toby.Swindell@example.com,1999-04-24,S,M
TS-11370,Todd,Sumrall,"Unit 5122 Box 1673, DPO AE 17937",+234-00570260442,Todd.Sumrall@example.com,1998-09-19,M,F
TS-11430,Tom,Stivers,"89915 Kenneth Mews Apt. 919, New Haroldmouth, WY 80766",+234-00306081019,Tom.Stivers@example.com,1972-10-09,S,F
TS-11505,Tony,Sayre,"0916 Nichols Cliff, Michaelberg, MP 59959",+234-00399486760,Tony.Sayre@example.com,1997-07-12,M,F
TS-11610,Troy,Staebel,"1342 Boyd Square Apt. 193, Jasonbury, WV 17185",+234-00126603940,Troy.Staebel@example.com,1971-04-14,M,M
TS-11655,Xavier,Hill,"153 Cox Trail Suite 188, Josephland, VA 78177",+234-00583604056,Xavier.Hill@example.com,1991-12-11,M,F
TS-21085,Thais,Sissman,"4565 Laura Plains, Loweside, NJ 90836",+234-00270217070,Thais.Sissman@example.com,1979-09-06,S,M
TS-21160,Theresa,Swint,"1811 Chelsea Inlet, New Stephenview, NJ 96856",+234-00359420022,Theresa.Swint@example.com,1999-09-11,M,F
TS-21205,Thomas,Seio,"9413 Garcia Spring, Hallborough, NV 64559",+234-00147126841,Thomas.Seio@example.com,1977-11-08,S,M
TS-21340,Toby,Swindell,"8576 Spencer Forges Suite 281, Jacobtown, GU 16437",+234-00844749262,Toby.Swindell@example.com,1996-06-02,M,M
TS-21370,Todd,Sumrall,"0513 Anthony Rest, Stacieberg, SC 53081",+234-00305245429,Todd.Sumrall@example.com,1970-09-01,M,F
TS-21430,Tom,Stivers,"5826 Peter Flats, North Kathryn, MP 31859",+234-00415747808,Tom.Stivers@example.com,1995-08-11,S,M
TS-21505,Tony,Sayre,"42464 Harvey Mountain, Montgomeryfurt, DE 93937",+234-00313508623,Tony.Sayre@example.com,1979-05-02,M,M
TS-21610,Troy,Staebel,"4359 James Mall Apt. 498, Daniellemouth, IL 30342",+234-00361390727,Troy.Staebel@example.com,1999-11-03,S,M
TS-21655,Trudy,Schmidt,"60474 Howard Drives Apt. 204, Rodneyside, GU 16767",+234-00423994031,Trudy.Schmidt@example.com,1980-11-13,S,F
TT-11070,Ted,Trevino,"540 Brown Crescent Suite 589, Danielhaven, MD 39243",+234-00984820566,Ted.Trevino@example.com,1998-04-10,M,F
TT-11220,Thomas,Thornton,"355 Johnson Forge, Howellbury, IN 67205",+234-00444538260,Thomas.Thornton@example.com,1976-03-11,M,F
TT-11265,Tim,Taslimi,"32317 Mark Cove, Lake Michaelville, WY 40004",+234-00673107960,Tim.Taslimi@example.com,1977-08-06,M,F
TT-11460,Tonja,Turnell,"4734 Lee Roads, Moralesfort, CA 06124",+234-00739616445,Tonja.Turnell@example.com,1990-05-04,S,F
TT-21070,Ted,Trevino,"45685 Sandoval Lakes Apt. 784, Knoxberg, CT 42228",+234-00621099287,Ted.Trevino@example.com,NULL,M,F
TT-21220,Thomas,Thornton,"6469 Klein Rest, Haileyshire, VT 31247",+234-00489951159,Thomas.Thornton@example.com,NULL,M,M
TT-21265,Tim,Taslimi,"54931 Sanders Garden Apt. 606, Lake Darrenhaven, SC 21038",+234-00423994031,Tim.Taslimi@example.com,1994-07-03,M,M
TT-21460,Tonja,Turnell,"063 Miguel Wells, West Brian, CA 71336",+234-00141945891,Tonja.Turnell@example.com,1972-04-02,S,F
TW-11025,Dalton,Clark,"6370 Curtis Radial Apt. 095, Perkinsborough, MS 65330",+234-00138802156,Dalton.Clark@example.com,1999-12-11,M,F
TW-21025,Tamara,Willingham,"Unit 1043 Box 8626, DPO AA 53023",+234-00880556692,Tamara.Willingham@example.com,1971-08-02,M,M
TZ-11445,Claudia,Zhou,"427 Thompson Hill, Barkershire, NE 60630",+234-00276124447,Claudia.Zhou@example.com,1987-12-03,M,M
TZ-11580,Chase,Cox,"385 Michael Center Suite 129, Port Adamborough, ID 95950",+234-00583604056,Chase.Cox@example.com,1977-10-25,M,M
TZ-21445,Tom,Zandusky,"453 Matthews Ridge, West Nancyberg, PW 94947",+234-00894070847,Tom.Zandusky@example.com,1972-04-04,S,M
TZ-21580,Tracy,Zic,"7626 Hodges Court Suite 334, Mcguirechester, VI 96195",+234-00108521065,Tracy.Zic@example.com,1981-05-07,M,M
VB-11745,Deanna,Munoz,"152 Cox Trail Suite 188, Josephland, VA 78177",+234-00126603940,Deanna.Munoz@example.com,1970-02-26,M,F
VB-21745,Victoria,Brennan,"398 Carla Centers, Port Carriebury, NH 30168",+234-00804970660,Victoria.Brennan@example.com,1990-04-12,M,M
VD-11670,Sarah,Price,"94308 Robert Light Apt. 356, West Jennifermouth, ND 68276",+234-00724594895,Sarah.Price@example.com,1976-09-04,S,F
VD-21670,Valerie,Dominguez,"670 Monique Crossing, East Justin, WY 75569",+234-00836882381,Valerie.Dominguez@example.com,1991-03-10,S,M
VF-11715,Jonathan,Henderson,"6363 Curtis Radial Apt. 095, Perkinsborough, MS 65330",+234-00678139616,Jonathan.Henderson@example.com,1998-03-09,S,M
VF-21715,Vicky,Freymann,"8734 Sawyer Valley Apt. 021, Boothville, HI 16249",+234-00278449686,Vicky.Freymann@example.com,1998-09-11,S,F
VG-11790,Brianna,Morgan,"PSC 5170, Box 4915, APO AE 91739",+234-00319494202,Brianna.Morgan@example.com,1997-08-04,M,F
VG-11805,Vivek,Grady,"PSC 5170, Box 4915, APO AE 91742",+234-00371918403,Vivek.Grady@example.com,1975-07-14,S,M
VG-21790,Vivek,Gonzalez,"83428 Veronica Shoal, East Raymond, KY 69225",+234-00352177447,Vivek.Gonzalez@example.com,NULL,S,F
VG-21805,Vivek,Grady,"28943 Scott Field, South Daniel, ME 89160",+234-00463708706,Vivek.Grady@example.com,1998-09-07,M,M
VM-11685,Brooke,Sanders,"1174 Lane Harbor, Lake Sarahbury, NY 37259",+234-00276124447,Brooke.Sanders@example.com,1973-02-20,M,M
VM-11835,Vivian,Mathis,"60476 Howard Drives Apt. 204, Rodneyside, GU 16767",+234-00371918403,Vivian.Mathis@example.com,1992-06-01,M,M
VM-21685,Valerie,Mitchum,"2323 Michael Turnpike Apt. 536, Jamesburgh, NV 41518",+234-00497487916,Valerie.Mitchum@example.com,1998-11-10,S,F
VM-21835,Lucas,Phillips,"1350 Boyd Square Apt. 193, Jasonbury, WV 17185",+234-00423994031,Lucas.Phillips@example.com,1972-07-06,S,M
VP-11730,Henry,Garcia,"PSC 5170, Box 4915, APO AE 91746",+234-00219602225,Henry.Garcia@example.com,1971-07-20,M,F
VP-11760,Victoria,Pisteka,"1171 Lane Harbor, Lake Sarahbury, NY 37259",+234-00126603940,Victoria.Pisteka@example.com,1996-06-05,S,F
VP-21730,Victor,Preis,"Unit 0147 Box 4430, DPO AE 57053",+234-00596981590,Victor.Preis@example.com,1976-06-01,S,M
VP-21760,Victoria,Pisteka,"5750 Wright Trail, Donnafurt, FL 67153",+234-00973350078,Victoria.Pisteka@example.com,NULL,S,F
VS-11820,Vivek,Sundaresam,"20195 John Squares Apt. 274, South Natalie, NE 63942",+234-00406146043,Vivek.Sundaresam@example.com,1995-06-10,M,M
VS-21820,Vivek,Sundaresam,"Unit 3300 Box 8701, DPO AP 25668",+234-00836798952,Vivek.Sundaresam@example.com,1990-05-02,M,F
VT-11700,Valerie,Takahito,"435 Barron Junctions, Thomasview, NE 00625",+234-00423994031,Valerie.Takahito@example.com,1995-02-15,M,M
VT-21700,Valerie,Takahito,"28583 Nicholas Highway Suite 145, Brianburgh, KS 76617",+234-00602073431,Valerie.Takahito@example.com,1972-11-05,M,F
VW-11775,Edward,Hernandez,"94308 Robert Light Apt. 356, West Jennifermouth, ND 68274",+234-00953546221,Edward.Hernandez@example.com,1998-09-23,M,M
VW-21775,Victoria,Wilson,"131 Nicholas Road Apt. 528, Elliottberg, DC 23190",+234-00691127913,Victoria.Wilson@example.com,1996-04-02,M,M
WB-11850,Dennis,Zhang,"94308 Robert Light Apt. 356, West Jennifermouth, ND 68278",+234-00319494202,Dennis.Zhang@example.com,1971-06-17,M,M
WB-21850,William,Brown,"566 Corey View, Taylorshire, TX 26777",+234-00952292914,William.Brown@example.com,1978-12-04,S,F
XP-11865,Xylona,Preis,"6363 Curtis Radial Apt. 095, Perkinsborough, MS 65330",+234-00847353681,Xylona.Preis@example.com,1998-05-02,M,M
XP-21865,Xylona,Preis,"459 Emily Underpass, Lake Adrian, SC 83634",+234-00495829358,Xylona.Preis@example.com,1970-09-04,S,M
YC-11895,José,Hernandez,"94308 Robert Light Apt. 356, West Jennifermouth, ND 68279",+234-00578940920,José.Hernandez@example.com,1990-06-24,M,M
YC-21895,Yoseph,Carroll,"48917 Ellis Street Apt. 227, North Jeremy, MH 28120",+234-00733792307,Yoseph.Carroll@example.com,1989-06-02,S,M
YS-11880,Yana,Sorensen,"1341 Boyd Square Apt. 193, Jasonbury, WV 17185",+234-00820315493,Yana.Sorensen@example.com,1993-02-14,M,M
YS-21880,Yana,Sorensen,"85747 Jackson Parks Suite 628, Justinborough, CO 04427",+234-00371697742,Yana.Sorensen@example.com,1998-11-06,M,F
ZC-11910,Trevor,Jenkins,"20193 John Squares Apt. 274, South Natalie, NE 63942",+234-00809822583,Trevor.Jenkins@example.com,1979-06-23,M,F
ZC-21910,Zuschuss,Carroll,"35004 Gomez Mall Apt. 964, Shanemouth, TN 33988",+234-00767605999,Zuschuss.Carroll@example.com,1977-07-12,S,M
ZD-11925,Zuschuss,Donatelli,"60479 Howard Drives Apt. 204, Rodneyside, GU 16767",+234-00219602225,Zuschuss.Donatelli@example.com,1997-02-08,S,F
ZD-21925,Zuschuss,Donatelli,"41 Allison Burgs, Lukeshire, IA 99448",+234-00637142888,Zuschuss.Donatelli@example.com,1978-07-17,M,M
